transfer,Texh,TAM,CTLA4,CAF,FFT,NRS,NetBio,TIDE,CKS,NFT,PD1,GeneBio,IFNG,PDL1,IS,PGM,CD8,IMPRES,CTL,MIAS,GEP,ICA,PFT,CIS,LFT,Teff
Ravi-2$\mapsto$Choueiri,0.1109355921855921,0.1421085858585858,0.1276871276871277,0.1745039682539682,0.1298280423280423,0.1172348484848484,0.1872710622710622,0.1745039682539682,0.2314814814814814,0.1421085858585858,0.132978132978133,0.1470034595034595,0.1243201243201243,0.1998196248196248,0.1258352758352758,0.2249694749694749,0.1258352758352758,0.3222222222222222,0.1276871276871277,0.1241792929292929,0.1369463869463869,0.1317275317275317,0.1268435268435268,0.1276871276871277,0.1506734006734006,0.1276871276871277
Ravi-2$\mapsto$Riaz,0.1792939144443373,0.1726521475696935,0.1284253316000011,0.2756365771862434,0.1689968742613187,0.1514702656243624,0.2334194183629802,0.2041013591245065,0.1447375208023635,0.1673490954448425,0.1443505703378628,0.1493062617413333,0.1510290334408088,0.1927178328210558,0.1599561744688737,0.1630143219058858,0.1551248970326252,0.3084722222222222,0.1602362299742133,0.1483997423801419,0.1505117212500906,0.1623798250482208,0.2384565032135869,0.1474594956215922,0.2656512704818175,0.1564134570470754
Miao$\mapsto$Rose,0.17799208324103,0.249177162772109,0.2458037278228756,0.1386275488608467,0.1840272839281818,0.209218675712222,0.1936759757937383,0.1796177263202128,0.1386201476686953,0.125179400818519,0.1760466501603051,0.25399401199702,0.178799733638191,0.1490570288860269,0.1564357685552251,0.1469860976140937,0.2215484188859352,0.178283832582497,0.1532020968812327,0.185310596770911,0.22600490983404,0.1785636925767247,0.1886350375381003,0.2222092972449059,0.1757373615226197,0.1403006885879117
Hugo$\mapsto$Choueiri,0.1109355921855921,0.1421085858585858,0.1276871276871277,0.1745039682539682,0.12633547008547,0.1172348484848484,0.1268435268435268,0.452559015059015,0.2314814814814814,0.1202110389610389,0.132978132978133,0.1276871276871277,0.1243201243201243,0.1998196248196248,0.1258352758352758,0.4700854700854701,0.1258352758352758,0.3222222222222222,0.1276871276871277,0.5204545454545455,0.1369463869463869,0.1317275317275317,0.140059015059015,0.1276871276871277,0.1209325396825396,0.1276871276871277
Hugo$\mapsto$Rose,0.1934700790532217,0.249177162772109,0.1852960219780889,0.272197534479505,0.2289165452820251,0.1777345631959612,0.1473477177656832,0.1796177263202128,0.1386201476686953,0.2170311685129907,0.1760466501603051,0.1514065697141798,0.178799733638191,0.3377645389503626,0.1564357685552251,0.2790584255595056,0.155534798293715,0.3443990526384167,0.1532020968812327,0.2270701965297412,0.22600490983404,0.1785636925767247,0.2019504816480326,0.1542573535242129,0.1913471393522362,0.1403006885879117
Ravi-2$\mapsto$Rose,0.1934700790532217,0.249177162772109,0.1852960219780889,0.272197534479505,0.1892956935684215,0.1777345631959612,0.3792983849686101,0.1654093696882577,0.1386201476686953,0.1725713925955202,0.1760466501603051,0.1693691452175456,0.178799733638191,0.3377645389503626,0.1564357685552251,0.1594248642032953,0.155534798293715,0.3443990526384167,0.1532020968812327,0.185310596770911,0.22600490983404,0.1785636925767247,0.2426721956978634,0.1542573535242129,0.2509176091061342,0.1403006885879117
Hugo$\mapsto$Riaz,0.1792939144443373,0.1726521475696935,0.1284253316000011,0.2756365771862434,0.1654246103555684,0.1514702656243624,0.1543504296195419,0.1829184414153798,0.1447375208023635,0.3328419380405558,0.1443505703378628,0.2494604127803024,0.1510290334408088,0.1927178328210558,0.1599561744688737,0.416052787208275,0.1551248970326252,0.3084722222222222,0.1602362299742133,0.4970191498326853,0.1505117212500906,0.1623798250482208,0.1958758310434855,0.1474594956215922,0.2046897268297254,0.1564134570470754
Choueiri$\mapsto$Rose,0.17799208324103,0.146273001757643,0.2458037278228756,0.1386275488608467,0.1580075101090601,0.209218675712222,0.3170177439770907,0.1796177263202128,0.1386201476686953,0.1722160800740016,0.3101730439590031,0.223669663573646,0.2337932756759046,0.3377645389503626,0.2414438779812978,0.2068018254887115,0.2215484188859352,0.178283832582497,0.2526932947591305,0.2270701965297412,0.2560567119052158,0.2405633951843156,0.1485144467950412,0.2222092972449059,0.1802181223418724,0.2407821598617902
Zhao$\mapsto$Rose,0.1934700790532217,0.249177162772109,0.2458037278228756,0.1386275488608467,0.1365194184636656,0.1777345631959612,0.2390104333626364,0.1654093696882577,0.1386201476686953,0.2439745941441888,0.3101730439590031,0.1712728420769101,0.2337932756759046,0.3377645389503626,0.1564357685552251,0.2209926175129601,0.155534798293715,0.3443990526384167,0.2526932947591305,0.2270701965297412,0.2560567119052158,0.2405633951843156,0.2112022345067016,0.2222092972449059,0.2029114388343108,0.2407821598617902
Miao$\mapsto$IMVigor210,0.1958518965291403,0.3230066180212102,0.2301850555338856,0.1970515713067629,0.1893964577153243,0.2273467508559677,0.2296339364361599,0.229739952206987,0.2094849721162657,0.2082588448364445,0.2448425553507594,0.2378239731897261,0.2074410520943922,0.1923232991284983,0.2132761101498626,0.2771299742078571,0.2730181069090543,0.2162768202021396,0.1919321204274558,0.230939935109881,0.2104769488349845,0.1975452457996282,0.1978025565450433,0.2485314226393518,0.1908418809536302,0.1803591563221112
Hugo$\mapsto$IMVigor210,0.284637402289386,0.3230066180212102,0.2189062030443061,0.2446656851736526,0.2554610267710251,0.2297919787680448,0.2199843969051712,0.229739952206987,0.2094849721162657,0.1838631807345079,0.2448425553507594,0.1898301946552597,0.2074410520943922,0.2486125345516416,0.2132761101498626,0.2120169469785244,0.1870788799716774,0.2455467034912976,0.1919321204274558,0.243811339808318,0.2104769488349845,0.1975452457996282,0.2276690520399045,0.2178504837510138,0.2448251658277651,0.1803591563221112
Snyder$\mapsto$Rose,0.17799208324103,0.146273001757643,0.1852960219780889,0.272197534479505,0.245676396508252,0.209218675712222,0.2853048952350775,0.1796177263202128,0.2279746169514051,0.200634578309088,0.3101730439590031,0.2082698892731229,0.2337932756759046,0.3377645389503626,0.2414438779812978,0.1850820007486621,0.2215484188859352,0.3443990526384167,0.2526932947591305,0.185310596770911,0.22600490983404,0.2405633951843156,0.1888534131290276,0.2222092972449059,0.2183741064621166,0.2407821598617902
Miao$\mapsto$Riaz,0.1771767331825116,0.1726521475696935,0.3429522492757786,0.1840889829856998,0.3126551022981426,0.4195485090295511,0.2743661036545283,0.1829184414153798,0.1447375208023635,0.1641429724310437,0.1443505703378628,0.2812288974076601,0.1510290334408088,0.2041535608481682,0.1599561744688737,0.1503352967302352,0.4694602612757775,0.1387706989772653,0.1602362299742133,0.1483997423801419,0.1505117212500906,0.1623798250482208,0.3113340973783152,0.5418373286826269,0.2925837748444131,0.1564134570470754
IMVigor210$\mapsto$Choueiri,0.1109355921855921,0.1421085858585858,0.2601190476190476,0.1745039682539682,0.202559015059015,0.1172348484848484,0.1366096866096866,0.1745039682539682,0.1321345321345321,0.254563492063492,0.237037037037037,0.2601190476190476,0.3,0.1998196248196248,0.276984126984127,0.2375180375180375,0.276984126984127,0.3222222222222222,0.2601190476190476,0.5204545454545455,0.2287878787878788,0.2406746031746031,0.202559015059015,0.2601190476190476,0.2207792207792207,0.2601190476190476
Freeman$\mapsto$Rose,0.1934700790532217,0.249177162772109,0.2458037278228756,0.272197534479505,0.1560837577649327,0.1777345631959612,0.1710923277422559,0.1796177263202128,0.2279746169514051,0.1821762302277579,0.3101730439590031,0.2135910491684624,0.178799733638191,0.1490570288860269,0.2414438779812978,0.2221130768924431,0.2215484188859352,0.5898876404494382,0.2526932947591305,0.2270701965297412,0.2560567119052158,0.2405633951843156,0.2433422812800644,0.2222092972449059,0.2130158744247071,0.2407821598617902
Liu$\mapsto$Rose,0.17799208324103,0.249177162772109,0.2458037278228756,0.1386275488608467,0.1669863287064223,0.209218675712222,0.3146082430744685,0.1796177263202128,0.2279746169514051,0.1628552753454862,0.3101730439590031,0.2126084449504182,0.2337932756759046,0.3377645389503626,0.2414438779812978,0.2247769614439642,0.2215484188859352,0.3443990526384167,0.2526932947591305,0.2270701965297412,0.2560567119052158,0.2405633951843156,0.2628735747088737,0.2222092972449059,0.2699814892586079,0.2407821598617902
Choueiri$\mapsto$IMVigor210,0.1958518965291403,0.2182834863627094,0.2301850555338856,0.1970515713067629,0.1793195532128951,0.2273467508559677,0.1978616808396051,0.229739952206987,0.2094849721162657,0.2604795548574853,0.2559908191193006,0.2725111830759952,0.2584739868491845,0.2486125345516416,0.2637586196115098,0.2451125756663605,0.2730181069090543,0.2162768202021396,0.2765968601969736,0.243811339808318,0.2873579121605972,0.2739864725413102,0.1749512144230696,0.2485314226393518,0.2099590281188202,0.305220844687028
Riaz$\mapsto$Rose,0.17799208324103,0.146273001757643,0.2458037278228756,0.272197534479505,0.1570090993113835,0.209218675712222,0.2716278078316305,0.1654093696882577,0.2279746169514051,0.2476750636000995,0.3101730439590031,0.2226216453489922,0.2337932756759046,0.3377645389503626,0.2414438779812978,0.2117211802643724,0.2215484188859352,0.3443990526384167,0.2526932947591305,0.2270701965297412,0.2560567119052158,0.2405633951843156,0.2872031863762256,0.2222092972449059,0.2291644514938797,0.2407821598617902
Allen$\mapsto$Rose,0.17799208324103,0.146273001757643,0.2458037278228756,0.1386275488608467,0.2221238158575211,0.209218675712222,0.1835718224329681,0.1654093696882577,0.2279746169514051,0.2568036537864038,0.3101730439590031,0.2249363997368646,0.2337932756759046,0.3377645389503626,0.2414438779812978,0.2227473712469627,0.2215484188859352,0.3443990526384167,0.2526932947591305,0.2270701965297412,0.2560567119052158,0.2405633951843156,0.3796784505440733,0.2222092972449059,0.2877811208777842,0.2407821598617902
IMVigor210$\mapsto$Rose,0.1934700790532217,0.249177162772109,0.2458037278228756,0.272197534479505,0.1675017704790011,0.1777345631959612,0.2336250352585855,0.1654093696882577,0.2279746169514051,0.274735190700733,0.3101730439590031,0.2268954449762567,0.2337932756759046,0.3377645389503626,0.2414438779812978,0.1795234458023746,0.2215484188859352,0.3443990526384167,0.2526932947591305,0.2270701965297412,0.2560567119052158,0.2405633951843156,0.2541266289301952,0.2222092972449059,0.3094565318261175,0.2407821598617902
Ravi-2$\mapsto$IMVigor210,0.284637402289386,0.3230066180212102,0.2189062030443061,0.2446656851736526,0.2855771902253118,0.2297919787680448,0.2746162109715003,0.2447463847764288,0.2094849721162657,0.2335305626534956,0.2448425553507594,0.1969805957465485,0.2074410520943922,0.2486125345516416,0.2132761101498626,0.294056887236868,0.1870788799716774,0.2455467034912976,0.1919321204274558,0.230939935109881,0.2104769488349845,0.1975452457996282,0.3155001765821819,0.2178504837510138,0.3899707970874063,0.1803591563221112
Zhao$\mapsto$Choueiri,0.1109355921855921,0.1421085858585858,0.2601190476190476,0.452559015059015,0.1734355921855921,0.1172348484848484,0.4631734006734006,0.1745039682539682,0.2314814814814814,0.4806998556998556,0.237037037037037,0.1388227513227513,0.3,0.1998196248196248,0.1258352758352758,0.2384615384615384,0.1258352758352758,0.3222222222222222,0.2601190476190476,0.5204545454545455,0.2287878787878788,0.2406746031746031,0.1282196969696969,0.2601190476190476,0.1658730158730158,0.2601190476190476
Rose$\mapsto$Choueiri,0.1109355921855921,0.1421085858585858,0.2601190476190476,0.1745039682539682,0.1886574074074074,0.5388888888888889,0.2164141414141414,0.1745039682539682,0.1321345321345321,0.193001443001443,0.237037037037037,0.2601190476190476,0.3,0.1998196248196248,0.276984126984127,0.2426767676767676,0.276984126984127,0.3222222222222222,0.2601190476190476,0.5204545454545455,0.2287878787878788,0.2406746031746031,0.1842185592185592,0.2601190476190476,0.186574074074074,0.2601190476190476
Gide$\mapsto$Rose,0.17799208324103,0.146273001757643,0.2458037278228756,0.272197534479505,0.2612470851361228,0.209218675712222,0.1768699136779498,0.1654093696882577,0.2279746169514051,0.2425341923956352,0.3101730439590031,0.2164241168159297,0.2337932756759046,0.3377645389503626,0.2414438779812978,0.205272358695579,0.2215484188859352,0.3443990526384167,0.2526932947591305,0.2270701965297412,0.2560567119052158,0.2405633951843156,0.3327771069300245,0.2222092972449059,0.3818007180380182,0.2407821598617902
Zhao$\mapsto$IMVigor210,0.284637402289386,0.3230066180212102,0.2301850555338856,0.1970515713067629,0.1927594845065462,0.2297919787680448,0.2214209016803899,0.2447463847764288,0.2094849721162657,0.285908844349353,0.2559908191193006,0.201525506079982,0.2584739868491845,0.2486125345516416,0.2132761101498626,0.211343481211069,0.1870788799716774,0.2455467034912976,0.2765968601969736,0.243811339808318,0.2873579121605972,0.2739864725413102,0.3008038667034821,0.2485314226393518,0.267680560777975,0.305220844687028
Snyder$\mapsto$IMVigor210,0.1958518965291403,0.2182834863627094,0.2189062030443061,0.2446656851736526,0.2303679942585325,0.2273467508559677,0.2703680388600017,0.229739952206987,0.305337698677555,0.2569083777868853,0.2559908191193006,0.2574633084431885,0.2584739868491845,0.2486125345516416,0.2637586196115098,0.2765166497217052,0.2730181069090543,0.2455467034912976,0.2765968601969736,0.230939935109881,0.2104769488349845,0.2739864725413102,0.2069147745045823,0.2485314226393518,0.2273489502476899,0.305220844687028
Kim$\mapsto$Rose,0.17799208324103,0.249177162772109,0.2458037278228756,0.272197534479505,0.2406561328342992,0.209218675712222,0.329384158804957,0.1796177263202128,0.2279746169514051,0.3234416118424639,0.3101730439590031,0.2270828598261211,0.2337932756759046,0.3377645389503626,0.2414438779812978,0.2320919787629684,0.2215484188859352,0.178283832582497,0.2526932947591305,0.2270701965297412,0.2560567119052158,0.2405633951843156,0.3008453230735537,0.2222092972449059,0.3032977689845288,0.2407821598617902
Ravi-1$\mapsto$Rose,0.1934700790532217,0.249177162772109,0.2458037278228756,0.272197534479505,0.2411790124248916,0.1777345631959612,0.3144609947135276,0.1654093696882577,0.2279746169514051,0.2010992985839815,0.3101730439590031,0.228821799096872,0.2337932756759046,0.3377645389503626,0.2414438779812978,0.223616615368712,0.2215484188859352,0.3443990526384167,0.2526932947591305,0.2270701965297412,0.2560567119052158,0.2405633951843156,0.2338974625635355,0.2222092972449059,0.3996079862071875,0.2407821598617902
Ravi-1$\mapsto$Choueiri,0.1109355921855921,0.1421085858585858,0.2601190476190476,0.1745039682539682,0.1923076923076923,0.1172348484848484,0.1202110389610389,0.1745039682539682,0.1321345321345321,0.4522727272727272,0.237037037037037,0.2601190476190476,0.3,0.1998196248196248,0.276984126984127,0.2232323232323232,0.276984126984127,0.3222222222222222,0.2601190476190476,0.5204545454545455,0.2287878787878788,0.2406746031746031,0.2559523809523809,0.2601190476190476,0.5059523809523809,0.2601190476190476
IMmotion150$\mapsto$Rose,0.1934700790532217,0.249177162772109,0.2458037278228756,0.272197534479505,0.206328873403646,0.209218675712222,0.4003977574188202,0.1796177263202128,0.2279746169514051,0.2728730745121034,0.3101730439590031,0.223846826830253,0.2337932756759046,0.3377645389503626,0.2414438779812978,0.2028514156280279,0.2215484188859352,0.3443990526384167,0.2526932947591305,0.2270701965297412,0.2560567119052158,0.2405633951843156,0.3162250582857632,0.2222092972449059,0.2018367889195685,0.2407821598617902
Freeman$\mapsto$Choueiri,0.1109355921855921,0.1421085858585858,0.2601190476190476,0.1745039682539682,0.21504884004884,0.1172348484848484,0.1733821733821733,0.452559015059015,0.1321345321345321,0.5136363636363637,0.237037037037037,0.276984126984127,0.1243201243201243,0.1470034595034595,0.276984126984127,0.2252442002442002,0.276984126984127,0.59375,0.2601190476190476,0.5204545454545455,0.2287878787878788,0.2406746031746031,0.1687627187627187,0.2601190476190476,0.1923076923076923,0.2601190476190476
Miao$\mapsto$Choueiri,0.625,0.1421085858585858,0.2601190476190476,0.452559015059015,0.5940170940170939,0.5388888888888889,0.1597578347578347,0.452559015059015,0.2314814814814814,0.202559015059015,0.132978132978133,0.1374579124579124,0.1243201243201243,0.1470034595034595,0.1258352758352758,0.2101648351648351,0.276984126984127,0.1680021367521367,0.1276871276871277,0.1241792929292929,0.1369463869463869,0.1317275317275317,0.1923076923076923,0.2601190476190476,0.503021978021978,0.1276871276871277
Riaz$\mapsto$IMVigor210,0.1958518965291403,0.2182834863627094,0.2301850555338856,0.2446656851736526,0.1991741372970112,0.2273467508559677,0.2527164059204485,0.2447463847764288,0.305337698677555,0.2342271974908273,0.2559908191193006,0.2730731050817325,0.2584739868491845,0.2486125345516416,0.2637586196115098,0.2228090477292469,0.2730181069090543,0.2455467034912976,0.2765968601969736,0.243811339808318,0.2873579121605972,0.2739864725413102,0.3428412990753019,0.2485314226393518,0.2948048033748172,0.305220844687028
Liu$\mapsto$IMVigor210,0.1958518965291403,0.3230066180212102,0.2301850555338856,0.1970515713067629,0.1811907478078756,0.2273467508559677,0.2932465405074441,0.229739952206987,0.305337698677555,0.2953713039479794,0.2559908191193006,0.266636934046451,0.2584739868491845,0.2486125345516416,0.2637586196115098,0.2123186567836924,0.2730181069090543,0.2455467034912976,0.2765968601969736,0.243811339808318,0.2873579121605972,0.2739864725413102,0.2992451202106316,0.2485314226393518,0.2977451259205305,0.305220844687028
IMVigor210$\mapsto$Miao,0.2449490052431229,0.2751587301587301,0.3011660561660562,0.1968666056166056,0.1986059039000215,0.2554345654345654,0.266547619047619,0.2089159451659451,0.2396003996003995,0.1970863858363858,0.2119369519369519,0.2629564879564879,0.2932800532800533,0.1718792971734148,0.240021645021645,0.4564377289377289,0.2629564879564879,0.4207754010695187,0.2666575091575092,0.2943849206349206,0.2783241758241758,0.2402930402930403,0.1916612554112554,0.2866161616161615,0.2019514472455648,0.2843398268398268
Hugo$\mapsto$Miao,0.2449490052431229,0.2751587301587301,0.2344552669552669,0.1968666056166056,0.1963965201465201,0.2554345654345654,0.215358669108669,0.4050946275946275,0.2926823176823176,0.2498358585858585,0.3575091575091574,0.2584027084027084,0.2478588078588078,0.1718792971734148,0.2957042957042957,0.2399995102936279,0.266494338994339,0.4207754010695187,0.2693117993117993,0.2943849206349206,0.2644749694749694,0.2964835164835164,0.1834471737412913,0.2502289377289377,0.1824154277095453,0.253046398046398
Ravi-2$\mapsto$IMmotion150,0.3156762621664586,0.3014250775321643,0.2200556356361519,0.3335632112363577,0.2635613785808429,0.2473705506051431,0.2464984934856011,0.2814419106254066,0.2199181286913356,0.329288589600351,0.2523434275954082,0.2126568900805967,0.212066046175379,0.3778464290727292,0.222338292336558,0.3204111458540375,0.2038166539291534,0.3653053523743179,0.2088619522573739,0.2162427320219382,0.2085267268024142,0.2057214312292988,0.2993658923808893,0.1995941991134577,0.3977362885700742,0.2149629464164961
Allen$\mapsto$IMVigor210,0.1958518965291403,0.2182834863627094,0.2301850555338856,0.1970515713067629,0.2016934279658783,0.2273467508559677,0.2832967341392716,0.2447463847764288,0.305337698677555,0.2867463719470905,0.2559908191193006,0.2712965893260571,0.2584739868491845,0.2486125345516416,0.2637586196115098,0.2111387347632114,0.2730181069090543,0.2455467034912976,0.2765968601969736,0.243811339808318,0.2873579121605972,0.2739864725413102,0.3942646434313244,0.2485314226393518,0.4289161296739366,0.305220844687028
Kim$\mapsto$Choueiri,0.625,0.1421085858585858,0.2601190476190476,0.1745039682539682,0.1823870573870573,0.5388888888888889,0.1694139194139194,0.452559015059015,0.1321345321345321,0.1781746031746031,0.237037037037037,0.2601190476190476,0.3,0.1998196248196248,0.276984126984127,0.1781746031746031,0.276984126984127,0.1680021367521367,0.2601190476190476,0.5204545454545455,0.2287878787878788,0.2406746031746031,0.1645299145299145,0.2601190476190476,0.193001443001443,0.2601190476190476
Gide$\mapsto$Miao,0.4719155844155844,0.2584362859362858,0.3011660561660562,0.1968666056166056,0.1957209457209457,0.3022527472527472,0.2610335497835497,0.2089159451659451,0.2396003996003995,0.1982016594516594,0.2119369519369519,0.2748251748251748,0.2932800532800533,0.1718792971734148,0.240021645021645,0.283030303030303,0.2629564879564879,0.4207754010695187,0.2666575091575092,0.2943849206349206,0.2783241758241758,0.2402930402930403,0.2391086691086691,0.2866161616161615,0.2205176767676767,0.2843398268398268
Ravi-1$\mapsto$Miao,0.2449490052431229,0.2751587301587301,0.3011660561660562,0.1968666056166056,0.2798809523809523,0.2554345654345654,0.2319342422283599,0.2089159451659451,0.2396003996003995,0.2721498599439776,0.2119369519369519,0.281060606060606,0.2932800532800533,0.1718792971734148,0.240021645021645,0.2824621212121212,0.2629564879564879,0.4207754010695187,0.2666575091575092,0.2943849206349206,0.2783241758241758,0.2402930402930403,0.3179274891774891,0.2866161616161615,0.2692414529914529,0.2843398268398268
IMmotion150$\mapsto$Miao,0.2449490052431229,0.2751587301587301,0.3011660561660562,0.1968666056166056,0.2382800532800532,0.3022527472527472,0.3368476621417797,0.4050946275946275,0.2396003996003995,0.2176185579126755,0.2119369519369519,0.269067599067599,0.2932800532800533,0.1718792971734148,0.240021645021645,0.2981926406926407,0.2629564879564879,0.4207754010695187,0.2666575091575092,0.2943849206349206,0.2783241758241758,0.2402930402930403,0.1952725705666882,0.2866161616161615,0.1656755009696186,0.2843398268398268
Gide$\mapsto$IMVigor210,0.1958518965291403,0.2182834863627094,0.2301850555338856,0.2446656851736526,0.2666850185786529,0.2273467508559677,0.2419429671011592,0.2447463847764288,0.305337698677555,0.3505907723513083,0.2559908191193006,0.2711432320523307,0.2584739868491845,0.2486125345516416,0.2637586196115098,0.2311803418760787,0.2730181069090543,0.2455467034912976,0.2765968601969736,0.243811339808318,0.2873579121605972,0.2739864725413102,0.4334423363315108,0.2485314226393518,0.322876941902221,0.305220844687028
Miao$\mapsto$IMmotion150,0.2470596240012594,0.3014250775321643,0.3746815920633826,0.2523090328268538,0.2869787365824656,0.3509015016135071,0.2330320979485751,0.2826984357959766,0.2199181286913356,0.2485026156578354,0.2523434275954082,0.2735962325378412,0.212066046175379,0.2266445415916286,0.222338292336558,0.3004351423488511,0.4502816003444891,0.2439103230357041,0.2088619522573739,0.2162427320219382,0.2085267268024142,0.2057214312292988,0.2374737228750037,0.4529657552569461,0.2486513969315223,0.2149629464164961
Miao$\mapsto$Kim,0.371504892265229,0.6022762260554694,0.3459863752248608,0.1889879591632586,0.204179264886345,0.4436600344189059,0.1863088752185948,0.2877939057728535,0.2403088368056889,0.1900670073077747,0.1868244950869445,0.2710509977872398,0.1784518516130005,0.1739746734560769,0.2375955448885862,0.1942751455008087,0.6209649062885536,0.2727170490328385,0.17486141388847,0.1924475436298582,0.1641183440166638,0.1804810821972523,0.2179560269627931,0.5025217171135594,0.1885225753289022,0.1675491646932121
Hugo$\mapsto$IMmotion150,0.3156762621664586,0.3014250775321643,0.2200556356361519,0.3335632112363577,0.2671064740712114,0.2473705506051431,0.304680783913373,0.2826984357959766,0.2199181286913356,0.2645776786896449,0.2523434275954082,0.2141045574966292,0.212066046175379,0.3778464290727292,0.222338292336558,0.3171754874790584,0.2038166539291534,0.3653053523743179,0.2088619522573739,0.429465990746067,0.2085267268024142,0.2057214312292988,0.3357145033484566,0.1995941991134577,0.329764283966693,0.2149629464164961
IMmotion150$\mapsto$IMVigor210,0.284637402289386,0.3230066180212102,0.2301850555338856,0.2446656851736526,0.2447097407847734,0.2273467508559677,0.3075897789475118,0.229739952206987,0.305337698677555,0.303351025071217,0.2559908191193006,0.2719666222775745,0.2584739868491845,0.2486125345516416,0.2637586196115098,0.2384192560360776,0.2730181069090543,0.2455467034912976,0.2765968601969736,0.243811339808318,0.2873579121605972,0.2739864725413102,0.3632768972457557,0.2485314226393518,0.3112170583841169,0.305220844687028
Kim$\mapsto$IMVigor210,0.1958518965291403,0.3230066180212102,0.2301850555338856,0.2446656851736526,0.2758416851574836,0.2273467508559677,0.2864719208181424,0.229739952206987,0.305337698677555,0.2807934161445349,0.2559908191193006,0.270949297603314,0.2584739868491845,0.2486125345516416,0.2637586196115098,0.2107072444207344,0.2730181069090543,0.2162768202021396,0.2765968601969736,0.243811339808318,0.2873579121605972,0.2739864725413102,0.4391270533682428,0.2485314226393518,0.4296561667379989,0.305220844687028
Rose$\mapsto$Miao,0.2449490052431229,0.2751587301587301,0.3011660561660562,0.1968666056166056,0.2176185579126755,0.3022527472527472,0.3965456765456766,0.2089159451659451,0.2396003996003995,0.2019148172089348,0.2119369519369519,0.269067599067599,0.2932800532800533,0.1718792971734148,0.240021645021645,0.2776252913752913,0.2629564879564879,0.4207754010695187,0.2666575091575092,0.2943849206349206,0.2783241758241758,0.2402930402930403,0.2262982115923292,0.2866161616161615,0.5257936507936508,0.2843398268398268
Ravi-2$\mapsto$Miao,0.2449490052431229,0.2751587301587301,0.2344552669552669,0.1968666056166056,0.2473276723276723,0.2554345654345654,0.3923809523809524,0.2089159451659451,0.2926823176823176,0.2524032176973353,0.3575091575091574,0.2446003996003996,0.2478588078588078,0.1718792971734148,0.2957042957042957,0.4709325396825397,0.266494338994339,0.4207754010695187,0.2693117993117993,0.2590845265845266,0.2644749694749694,0.2964835164835164,0.2589194139194139,0.2502289377289377,0.2126567876567876,0.253046398046398
Rose$\mapsto$IMVigor210,0.284637402289386,0.3230066180212102,0.2301850555338856,0.2446656851736526,0.219465589520206,0.2273467508559677,0.3885713685268056,0.2447463847764288,0.305337698677555,0.3008806111738524,0.2559908191193006,0.2710419296430456,0.2584739868491845,0.2486125345516416,0.2637586196115098,0.2115918010586152,0.2730181069090543,0.2455467034912976,0.2765968601969736,0.243811339808318,0.2873579121605972,0.2739864725413102,0.4197501038514565,0.2485314226393518,0.2916650369223701,0.305220844687028
Freeman$\mapsto$IMVigor210,0.284637402289386,0.3230066180212102,0.2301850555338856,0.2446656851736526,0.2831285659005811,0.2297919787680448,0.2456967160983186,0.229739952206987,0.305337698677555,0.2653535472449407,0.2559908191193006,0.2612711027535631,0.2074410520943922,0.1923232991284983,0.2637586196115098,0.2106416974561477,0.2730181069090543,0.6140939597315436,0.2765968601969736,0.243811339808318,0.2873579121605972,0.2739864725413102,0.3087681263478681,0.2485314226393518,0.3231930271575969,0.305220844687028
Kim$\mapsto$Miao,0.4719155844155844,0.2751587301587301,0.3011660561660562,0.1968666056166056,0.2266661769602946,0.3022527472527472,0.2623031135531135,0.4050946275946275,0.2396003996003995,0.1915130702630702,0.2119369519369519,0.269067599067599,0.2932800532800533,0.1718792971734148,0.240021645021645,0.2475070028011204,0.2629564879564879,0.6088235294117648,0.2666575091575092,0.2943849206349206,0.2783241758241758,0.2402930402930403,0.1938706391647568,0.2866161616161615,0.1786491939433115,0.2843398268398268
Ravi-1$\mapsto$IMVigor210,0.284637402289386,0.3230066180212102,0.2301850555338856,0.2446656851736526,0.2366300484653347,0.2297919787680448,0.3152467822557132,0.2447463847764288,0.305337698677555,0.2716799348958167,0.2559908191193006,0.2676217577897248,0.2584739868491845,0.2486125345516416,0.2637586196115098,0.2113861652900615,0.2730181069090543,0.2455467034912976,0.2765968601969736,0.243811339808318,0.2873579121605972,0.2739864725413102,0.3961054674011987,0.2485314226393518,0.4649198501510461,0.305220844687028
Ravi-2$\mapsto$Kim,0.2663554315805319,0.6022762260554694,0.2056457244951881,0.6177596502104107,0.2754714859493231,0.263063495417637,0.2796298435316271,0.2550148051211219,0.2403088368056889,0.3233868678584892,0.1868244950869445,0.1759132392804517,0.1784518516130005,0.550174113185994,0.2375955448885862,0.2010447353858469,0.1704546406850459,0.2020054141764668,0.17486141388847,0.1924475436298582,0.1641183440166638,0.1804810821972523,0.4452794314582739,0.1849056061771237,0.497305125812119,0.1675491646932121
Allen$\mapsto$Miao,0.4719155844155844,0.2584362859362858,0.3011660561660562,0.4413186813186812,0.2607775557775558,0.3022527472527472,0.2485227272727272,0.2089159451659451,0.2396003996003995,0.2389943389943389,0.2119369519369519,0.269067599067599,0.2932800532800533,0.1718792971734148,0.240021645021645,0.2440221543162719,0.2629564879564879,0.4207754010695187,0.2666575091575092,0.2943849206349206,0.2783241758241758,0.2402930402930403,0.2255906593406593,0.2866161616161615,0.2879564879564879,0.2843398268398268
Riaz$\mapsto$Choueiri,0.625,0.4884615384615384,0.2601190476190476,0.1745039682539682,0.2410714285714285,0.5388888888888889,0.2694444444444444,0.1745039682539682,0.1321345321345321,0.2249694749694749,0.237037037037037,0.276984126984127,0.3,0.1998196248196248,0.276984126984127,0.2575396825396825,0.276984126984127,0.3222222222222222,0.2601190476190476,0.5204545454545455,0.2287878787878788,0.2406746031746031,0.1317275317275317,0.2601190476190476,0.1423400673400673,0.2601190476190476
Zhao$\mapsto$Miao,0.2449490052431229,0.2751587301587301,0.3011660561660562,0.4413186813186812,0.2397797300738477,0.2554345654345654,0.2337524240465416,0.2089159451659451,0.2926823176823176,0.3396969696969696,0.2119369519369519,0.2276419413919413,0.2932800532800533,0.1718792971734148,0.2957042957042957,0.2440221543162719,0.266494338994339,0.4207754010695187,0.2666575091575092,0.2943849206349206,0.2783241758241758,0.2402930402930403,0.2130631868131868,0.2866161616161615,0.5372510822510823,0.2843398268398268
Snyder$\mapsto$Miao,0.4719155844155844,0.2584362859362858,0.2344552669552669,0.1968666056166056,0.2934615384615384,0.3022527472527472,0.2238706391647568,0.4050946275946275,0.2396003996003995,0.2037657440598617,0.2119369519369519,0.2687104562104562,0.2932800532800533,0.1718792971734148,0.240021645021645,0.46504884004884,0.2629564879564879,0.4207754010695187,0.2666575091575092,0.2590845265845266,0.2644749694749694,0.2402930402930403,0.3259126984126984,0.2866161616161615,0.2826731601731602,0.2843398268398268
Gide$\mapsto$Choueiri,0.625,0.4884615384615384,0.2601190476190476,0.1745039682539682,0.2601190476190476,0.5388888888888889,0.237037037037037,0.1745039682539682,0.1321345321345321,0.2823412698412698,0.237037037037037,0.276984126984127,0.3,0.1998196248196248,0.276984126984127,0.2575396825396825,0.276984126984127,0.3222222222222222,0.2601190476190476,0.5204545454545455,0.2287878787878788,0.2406746031746031,0.1321345321345321,0.2601190476190476,0.1749694749694749,0.2601190476190476
Hugo$\mapsto$Kim,0.2663554315805319,0.6022762260554694,0.2056457244951881,0.6177596502104107,0.3019692959297157,0.263063495417637,0.4079446017928926,0.2877939057728535,0.2403088368056889,0.2001263007921878,0.1868244950869445,0.1876143813055159,0.1784518516130005,0.550174113185994,0.2375955448885862,0.3755103166512181,0.1704546406850459,0.2020054141764668,0.17486141388847,0.4354309793498847,0.1641183440166638,0.1804810821972523,0.2476561456926045,0.1849056061771237,0.3787238427218988,0.1675491646932121
Riaz$\mapsto$Miao,0.4719155844155844,0.2584362859362858,0.3011660561660562,0.1968666056166056,0.2319597069597069,0.3022527472527472,0.4304059829059828,0.2089159451659451,0.2396003996003995,0.1790430402930402,0.2119369519369519,0.2629564879564879,0.2932800532800533,0.1718792971734148,0.240021645021645,0.2634027084027084,0.2629564879564879,0.4207754010695187,0.2666575091575092,0.2943849206349206,0.2783241758241758,0.2402930402930403,0.411078431372549,0.2866161616161615,0.4589697802197802,0.2843398268398268
IMmotion150$\mapsto$Choueiri,0.1109355921855921,0.1421085858585858,0.2601190476190476,0.1745039682539682,0.2406746031746031,0.5388888888888889,0.1684981684981684,0.452559015059015,0.1321345321345321,0.1606150793650793,0.237037037037037,0.2601190476190476,0.3,0.1998196248196248,0.276984126984127,0.2575396825396825,0.276984126984127,0.3222222222222222,0.2601190476190476,0.5204545454545455,0.2287878787878788,0.2406746031746031,0.728021978021978,0.2601190476190476,0.5686507936507936,0.2601190476190476
Zhao$\mapsto$Riaz,0.1792939144443373,0.1726521475696935,0.3429522492757786,0.1840889829856998,0.1312107610928315,0.1514702656243624,0.4039749726450493,0.2041013591245065,0.1447375208023635,0.1765867923444818,0.3999407048058288,0.1656394648922793,0.4812181906063393,0.1927178328210558,0.1599561744688737,0.4853790955483746,0.1551248970326252,0.3084722222222222,0.4169181179826017,0.4970191498326853,0.4472858229003374,0.4377696999681251,0.1968282681155306,0.5418373286826269,0.2742041610087151,0.5082061183982649
Hugo$\mapsto$Allen,0.2713948973855409,0.2947326377111444,0.2333025515787782,0.3034688131682782,0.330325702279917,0.2636268527678204,0.2569126081154178,0.1889328417368258,0.2449163149698054,0.3448184215206254,0.254430485598997,0.3351124522653971,0.2389966077669644,0.3669200769047782,0.2534554303800149,0.5877933534804218,0.2536749641225665,0.5805166098269546,0.2433868250080283,0.4086108084018267,0.2419181522649802,0.2409714727816861,0.2761966222646917,0.2431242361133544,0.2851156097295528,0.2455116276534161
Liu$\mapsto$Miao,0.4719155844155844,0.2751587301587301,0.3011660561660562,0.4413186813186812,0.2471428571428571,0.3022527472527472,0.2468677156177156,0.4050946275946275,0.2396003996003995,0.2485347985347985,0.2119369519369519,0.2695138195138195,0.2932800532800533,0.1718792971734148,0.240021645021645,0.2641287878787878,0.2629564879564879,0.4207754010695187,0.2666575091575092,0.2943849206349206,0.2783241758241758,0.2402930402930403,0.4476731601731601,0.2866161616161615,0.4196003996003996,0.2843398268398268
Choueiri$\mapsto$Ravi-2,0.2581471797251596,0.2610922413653896,0.2687209975696817,0.2651807719438583,0.3914784597329354,0.2876191894742086,0.3284670849044839,0.267176753606581,0.3232227464564421,0.242843365238245,0.298865368914711,0.368682843114189,0.2439503583053775,0.3176485810385267,0.271272502526078,0.3854099351417716,0.3836382002570461,0.3220833333333333,0.3829240841073271,0.2382226141358006,0.2768499590131455,0.3090056322872399,0.2775387299795446,0.2456639260091735,0.2576125048911805,0.376811602560778
Choueiri$\mapsto$Miao,0.4719155844155844,0.2584362859362858,0.3011660561660562,0.4413186813186812,0.2088426116367292,0.3022527472527472,0.2807034632034632,0.4050946275946275,0.2926823176823176,0.3885943223443223,0.2119369519369519,0.269067599067599,0.2932800532800533,0.1718792971734148,0.240021645021645,0.3157936507936508,0.2629564879564879,0.6088235294117648,0.2666575091575092,0.2943849206349206,0.2783241758241758,0.2402930402930403,0.2495498945498945,0.2866161616161615,0.2260729548229548,0.2843398268398268
Hugo$\mapsto$Snyder,0.2813320666261843,0.2254685946885194,0.3803690615001982,0.3412656554463277,0.2579569240283526,0.2503446216543297,0.3037547036358403,0.3650635079206508,0.2513170619124842,0.4074272016498907,0.2809115279040091,0.3076052283261482,0.2441519522788872,0.4360222901576285,0.2464216231824591,0.2471596613126909,0.295322622976316,0.4465347677532552,0.2451321078670703,0.2975351504238058,0.4498192541646765,0.2367605574925345,0.3608279675506566,0.2492046140625308,0.2417028957331921,0.2483200297662924
Allen$\mapsto$Choueiri,0.625,0.4884615384615384,0.2601190476190476,0.452559015059015,0.2142857142857142,0.5388888888888889,0.2835775335775335,0.1745039682539682,0.1321345321345321,0.5323412698412698,0.237037037037037,0.2601190476190476,0.3,0.1998196248196248,0.276984126984127,0.253021978021978,0.276984126984127,0.3222222222222222,0.2601190476190476,0.5204545454545455,0.2287878787878788,0.2406746031746031,0.1859307359307359,0.2601190476190476,0.1476310726310726,0.2601190476190476
Liu$\mapsto$Choueiri,0.625,0.1421085858585858,0.2601190476190476,0.452559015059015,0.1922138047138047,0.5388888888888889,0.1467171717171717,0.452559015059015,0.1321345321345321,0.7767857142857143,0.237037037037037,0.276984126984127,0.3,0.1998196248196248,0.276984126984127,0.2232323232323232,0.276984126984127,0.3222222222222222,0.2601190476190476,0.5204545454545455,0.2287878787878788,0.2406746031746031,0.251010101010101,0.2601190476190476,0.1109355921855921,0.2601190476190476
Miao$\mapsto$Allen,0.3809956593714955,0.2947326377111444,0.4557892457913202,0.3457125828268595,0.3823715020965359,0.389156353339984,0.2913796136266779,0.1889328417368258,0.2449163149698054,0.3096798556710399,0.254430485598997,0.4066916151511578,0.2389966077669644,0.3711375168161463,0.2534554303800149,0.2273239202944403,0.4260056683534974,0.2281274281274281,0.2433868250080283,0.2595622367343635,0.2419181522649802,0.2409714727816861,0.2926690746088238,0.4344258523245071,0.4133483631641033,0.2455116276534161
Snyder$\mapsto$Choueiri,0.625,0.4884615384615384,0.1276871276871277,0.1745039682539682,0.2188492063492063,0.5388888888888889,0.5079059829059829,0.452559015059015,0.1321345321345321,0.452559015059015,0.237037037037037,0.2601190476190476,0.3,0.1998196248196248,0.276984126984127,0.2559523809523809,0.276984126984127,0.3222222222222222,0.2601190476190476,0.1241792929292929,0.1369463869463869,0.2406746031746031,0.4884615384615384,0.2601190476190476,0.46504884004884,0.2601190476190476
Ravi-2$\mapsto$Allen,0.2713948973855409,0.2947326377111444,0.2333025515787782,0.3034688131682782,0.2807687710766663,0.2636268527678204,0.2970019021603347,0.9999999999999998,0.2449163149698054,0.3966562890738617,0.254430485598997,0.2575253030261014,0.2389966077669644,0.3669200769047782,0.2534554303800149,0.2407064947607355,0.2536749641225665,0.5805166098269546,0.2433868250080283,0.2595622367343635,0.2419181522649802,0.2409714727816861,0.3810181058526781,0.2431242361133544,0.4176977427275117,0.2455116276534161
Gide$\mapsto$Ravi-2,0.2581471797251596,0.2610922413653896,0.2687209975696817,0.3482432863189442,0.28066733022954,0.2876191894742086,0.2635183938009015,0.5044581812988354,0.2938039397117629,0.3207163899295242,0.298865368914711,0.4023920234266301,0.2439503583053775,0.3176485810385267,0.271272502526078,0.3688577297988052,0.3836382002570461,0.3316507465963987,0.3829240841073271,0.2382226141358006,0.2768499590131455,0.3090056322872399,0.3568097889429411,0.2456639260091735,0.4514726957983537,0.376811602560778
Snyder$\mapsto$Riaz,0.1771767331825116,0.1930386652452487,0.1284253316000011,0.2756365771862434,0.3892846460265244,0.4195485090295511,0.2695673487923479,0.1829184414153798,0.3332666499173446,0.1934225957321081,0.3999407048058288,0.4702830793617387,0.4812181906063393,0.1927178328210558,0.5814619336554179,0.2550810300881443,0.4694602612757775,0.3084722222222222,0.4169181179826017,0.1483997423801419,0.1505117212500906,0.4377696999681251,0.2373271196094367,0.5418373286826269,0.1962840590122742,0.5082061183982649
Ravi-2$\mapsto$Snyder,0.2813320666261843,0.2254685946885194,0.3803690615001982,0.3412656554463277,0.2663744052399515,0.2503446216543297,0.3311069649304943,0.2541371744379262,0.2513170619124842,0.4033593182089423,0.2809115279040091,0.4097596638950023,0.2441519522788872,0.4360222901576285,0.2464216231824591,0.6854362957304134,0.295322622976316,0.4465347677532552,0.2451321078670703,0.4588063255605272,0.4498192541646765,0.2367605574925345,0.2326609790646721,0.2492046140625308,0.2241534026197892,0.2483200297662924
Riaz$\mapsto$Ravi-2,0.2581471797251596,0.2610922413653896,0.2687209975696817,0.3482432863189442,0.5532439313137842,0.2876191894742086,0.2877102913533834,0.5044581812988354,0.2938039397117629,0.2700325418288805,0.298865368914711,0.3836382002570461,0.2439503583053775,0.3176485810385267,0.271272502526078,0.3318134469696969,0.3836382002570461,0.3316507465963987,0.3829240841073271,0.2382226141358006,0.2768499590131455,0.3090056322872399,0.3784209902416424,0.2456639260091735,0.2913691767879747,0.376811602560778
Liu$\mapsto$Ravi-2,0.2581471797251596,0.3197244437279267,0.2687209975696817,0.2651807719438583,0.4204652307233829,0.2876191894742086,0.4302959244595274,0.267176753606581,0.2938039397117629,0.3926071459285468,0.298865368914711,0.3995918568856548,0.2439503583053775,0.3176485810385267,0.271272502526078,0.3101811843678599,0.3836382002570461,0.3316507465963987,0.3829240841073271,0.2382226141358006,0.2768499590131455,0.3090056322872399,0.3967495066208301,0.2456639260091735,0.4712887788381209,0.376811602560778
IMmotion150$\mapsto$Ravi-2,0.4462899743230625,0.3197244437279267,0.2687209975696817,0.3482432863189442,0.247962092064133,0.2876191894742086,0.2654654644872036,0.267176753606581,0.2938039397117629,0.3661975274252751,0.298865368914711,0.368682843114189,0.2439503583053775,0.3176485810385267,0.271272502526078,0.3860490529683893,0.3836382002570461,0.3316507465963987,0.3829240841073271,0.2382226141358006,0.2768499590131455,0.3090056322872399,0.5123333346019567,0.2456639260091735,0.5275006243756244,0.376811602560778
Freeman$\mapsto$Miao,0.2449490052431229,0.2751587301587301,0.3011660561660562,0.1968666056166056,0.1907090785031961,0.2554345654345654,0.1774129302070478,0.4050946275946275,0.2396003996003995,0.3970127748068924,0.2119369519369519,0.2695138195138195,0.2478588078588078,0.8267857142857142,0.240021645021645,0.2664463967405144,0.2629564879564879,0.6470588235294118,0.2666575091575092,0.2943849206349206,0.2783241758241758,0.2402930402930403,0.4030555555555555,0.2866161616161615,0.874642857142857,0.2843398268398268
Kim$\mapsto$Ravi-2,0.2581471797251596,0.3197244437279267,0.2687209975696817,0.3482432863189442,0.3317807162644119,0.2876191894742086,0.4165020397157545,0.267176753606581,0.2938039397117629,0.4277685335497835,0.298865368914711,0.3614446027917095,0.2439503583053775,0.3176485810385267,0.271272502526078,0.2829289594242187,0.3836382002570461,0.3220833333333333,0.3829240841073271,0.2382226141358006,0.2768499590131455,0.3090056322872399,0.5345111281692164,0.2456639260091735,0.5715297269963737,0.376811602560778
Rose$\mapsto$Ravi-2,0.4462899743230625,0.3197244437279267,0.2687209975696817,0.3482432863189442,0.2481710455591319,0.2876191894742086,0.3961753795721187,0.5044581812988354,0.2938039397117629,0.5498234769616348,0.298865368914711,0.3612696025683347,0.2439503583053775,0.3176485810385267,0.271272502526078,0.3085048715502427,0.3836382002570461,0.3316507465963987,0.3829240841073271,0.2382226141358006,0.2768499590131455,0.3090056322872399,0.3703918784939952,0.2456639260091735,0.3068135908209437,0.376811602560778
Snyder$\mapsto$Ravi-2,0.2581471797251596,0.2610922413653896,0.389720559046217,0.3482432863189442,0.3283593623546216,0.2876191894742086,0.2944202483364887,0.267176753606581,0.2938039397117629,0.258140785298293,0.298865368914711,0.4924950923091655,0.2439503583053775,0.3176485810385267,0.271272502526078,0.4206105255837513,0.3836382002570461,0.3316507465963987,0.3829240841073271,0.5993153598852128,0.5762658756684492,0.3090056322872399,0.238533530994663,0.2456639260091735,0.2264660909957215,0.376811602560778
Allen$\mapsto$Ravi-2,0.2581471797251596,0.2610922413653896,0.2687209975696817,0.2651807719438583,0.3291781908751723,0.2876191894742086,0.2857747935053721,0.5044581812988354,0.2938039397117629,0.3325508172383172,0.298865368914711,0.3614446027917095,0.2439503583053775,0.3176485810385267,0.271272502526078,0.2877908714092924,0.3836382002570461,0.3316507465963987,0.3829240841073271,0.2382226141358006,0.2768499590131455,0.3090056322872399,0.7263076384399914,0.2456639260091735,0.664932308784211,0.376811602560778
Zhao$\mapsto$IMmotion150,0.3156762621664586,0.3014250775321643,0.3746815920633826,0.2523090328268538,0.3012318310479581,0.2473705506051431,0.3090495092526361,0.2814419106254066,0.2199181286913356,0.3389078521024901,0.4112163553080204,0.2263635319623032,0.4027781626219133,0.3778464290727292,0.222338292336558,0.3313008885284459,0.2038166539291534,0.3653053523743179,0.4205906141173571,0.429465990746067,0.4476244512144518,0.4504975878510416,0.4192390864438325,0.4529657552569461,0.3297906055402065,0.4026868578707226
Kim$\mapsto$Riaz,0.1771767331825116,0.1726521475696935,0.3429522492757786,0.2756365771862434,0.2216387856229764,0.4195485090295511,0.2515181133801085,0.1829184414153798,0.3332666499173446,0.2662818982779508,0.3999407048058288,0.513022040199614,0.4812181906063393,0.1927178328210558,0.5814619336554179,0.2804697921421473,0.4694602612757775,0.1387706989772653,0.4169181179826017,0.4970191498326853,0.4472858229003374,0.4377696999681251,0.2298971801004028,0.5418373286826269,0.17392973802246,0.5082061183982649
Snyder$\mapsto$IMmotion150,0.2470596240012594,0.2735582296424474,0.2200556356361519,0.3335632112363577,0.3526019583189098,0.3509015016135071,0.2742459668837219,0.2826984357959766,0.393419214954637,0.2853186961835619,0.4112163553080204,0.4340855812188595,0.4027781626219133,0.3778464290727292,0.3825916999050965,0.3676886550953723,0.4502816003444891,0.3653053523743179,0.4205906141173571,0.2162427320219382,0.2085267268024142,0.4504975878510416,0.3060142604754919,0.4529657552569461,0.3005321820154385,0.4026868578707226
Ravi-1$\mapsto$Ravi-2,0.4462899743230625,0.3197244437279267,0.2687209975696817,0.3482432863189442,0.2813016522091599,0.4933159180477544,0.4748603191016369,0.5044581812988354,0.2938039397117629,0.2757795819376701,0.298865368914711,0.2578429642911529,0.2439503583053775,0.3176485810385267,0.271272502526078,0.3085048715502427,0.3836382002570461,0.3316507465963987,0.3829240841073271,0.2382226141358006,0.2768499590131455,0.3090056322872399,0.3560195263356018,0.2456639260091735,0.7152215085638998,0.376811602560778
IMVigor210$\mapsto$Ravi-2,0.4462899743230625,0.3197244437279267,0.2687209975696817,0.3482432863189442,0.2458365188947619,0.4933159180477544,0.3931080852136638,0.5044581812988354,0.2938039397117629,0.4785368283509015,0.298865368914711,0.368682843114189,0.2439503583053775,0.3176485810385267,0.271272502526078,0.421652806531218,0.3836382002570461,0.3316507465963987,0.3829240841073271,0.2382226141358006,0.2768499590131455,0.3090056322872399,0.2879610685367264,0.2456639260091735,0.5348941336441336,0.376811602560778
Zhao$\mapsto$Snyder,0.2813320666261843,0.2254685946885194,0.3193974442924022,0.2683954126982654,0.243339278724617,0.2503446216543297,0.2794130730442097,0.2541371744379262,0.2513170619124842,0.2669312305341716,0.4837175254717272,0.4013193156050298,0.4328064559156996,0.4360222901576285,0.2464216231824591,0.2638072294308473,0.295322622976316,0.4465347677532552,0.4401785140506944,0.2975351504238058,0.3262379951980792,0.638728314292224,0.2502298453426272,0.7083840553765366,0.2605564235263483,0.5664402124486158
Freeman$\mapsto$Ravi-2,0.4462899743230625,0.3197244437279267,0.2687209975696817,0.3482432863189442,0.2889646724441111,0.4933159180477544,0.2338079578137123,0.267176753606581,0.2938039397117629,0.2409877185900203,0.298865368914711,0.4676172433209467,0.5452796341562074,0.341325060764399,0.271272502526078,0.2981951698663655,0.3836382002570461,0.66,0.3829240841073271,0.2382226141358006,0.2768499590131455,0.3090056322872399,0.3478101741095162,0.2456639260091735,0.500902930811019,0.376811602560778
IMVigor210$\mapsto$Riaz,0.1792939144443373,0.1726521475696935,0.3429522492757786,0.2756365771862434,0.3852167583138844,0.1514702656243624,0.2433330159378165,0.2041013591245065,0.3332666499173446,0.168954519379829,0.3999407048058288,0.5120870419025582,0.4812181906063393,0.1927178328210558,0.5814619336554179,0.1970302426331838,0.4694602612757775,0.3084722222222222,0.4169181179826017,0.4970191498326853,0.4472858229003374,0.4377696999681251,0.2866633449356561,0.5418373286826269,0.4436278797830522,0.5082061183982649
Freeman$\mapsto$Riaz,0.1792939144443373,0.1726521475696935,0.3429522492757786,0.2756365771862434,0.2315429174941997,0.1514702656243624,0.1806883317642822,0.1829184414153798,0.3332666499173446,0.1991949013131765,0.3999407048058288,0.4711554088603398,0.1510290334408088,0.2041535608481682,0.5814619336554179,0.4892258497559411,0.4694602612757775,0.5980392156862745,0.4169181179826017,0.4970191498326853,0.4472858229003374,0.4377696999681251,0.3273471993937313,0.5418373286826269,0.3884893146488664,0.5082061183982649
Miao$\mapsto$Snyder,0.3169956094325842,0.2254685946885194,0.3193974442924022,0.2683954126982654,0.6944856730571016,0.4250967053488061,0.2603309438117045,0.3650635079206508,0.2513170619124842,0.2911771726234353,0.2809115279040091,0.3728259418109042,0.2441519522788872,0.2544977572675493,0.2464216231824591,0.6437696290637467,0.3412250865258384,0.2759353741496598,0.2451321078670703,0.4588063255605272,0.4498192541646765,0.2367605574925345,0.4517561803276089,0.7083840553765366,0.3794729080443366,0.2483200297662924
Miao$\mapsto$Ravi-2,0.2581471797251596,0.3197244437279267,0.2687209975696817,0.2651807719438583,0.2602956498588271,0.2876191894742086,0.4927367822128851,0.267176753606581,0.3232227464564421,0.2252244061240056,0.3625313651608408,0.2172917519170379,0.5452796341562074,0.341325060764399,0.3716860667712061,0.4149005779544673,0.3836382002570461,0.3220833333333333,0.4591819985569986,0.5993153598852128,0.5762658756684492,0.5237579976689379,0.2778442317916002,0.2456639260091735,0.2775718836915877,0.3788763666888667
Rose$\mapsto$Riaz,0.1792939144443373,0.1726521475696935,0.3429522492757786,0.2756365771862434,0.1810156824743021,0.4195485090295511,0.2111296765716021,0.2041013591245065,0.3332666499173446,0.2223670705291086,0.3999407048058288,0.5037958497234235,0.4812181906063393,0.1927178328210558,0.5814619336554179,0.5260592410784964,0.4694602612757775,0.3084722222222222,0.4169181179826017,0.4970191498326853,0.4472858229003374,0.4377696999681251,0.2186598443783125,0.5418373286826269,0.2035282176339358,0.5082061183982649
Allen$\mapsto$Riaz,0.1771767331825116,0.1930386652452487,0.3429522492757786,0.1840889829856998,0.3925090689486974,0.4195485090295511,0.2040962439604939,0.2041013591245065,0.3332666499173446,0.2643229308184438,0.3999407048058288,0.513022040199614,0.4812181906063393,0.1927178328210558,0.5814619336554179,0.4838011216778363,0.4694602612757775,0.3084722222222222,0.4169181179826017,0.4970191498326853,0.4472858229003374,0.4377696999681251,0.1934136739327976,0.5418373286826269,0.2039773388010765,0.5082061183982649
Freeman$\mapsto$IMmotion150,0.3156762621664586,0.3014250775321643,0.3746815920633826,0.3335632112363577,0.2929631482362458,0.2473705506051431,0.3740323321719896,0.2826984357959766,0.393419214954637,0.252639075033778,0.4112163553080204,0.438634597490474,0.212066046175379,0.2266445415916286,0.3825916999050965,0.3456938354968775,0.4502816003444891,0.6454545454545455,0.4205906141173571,0.429465990746067,0.4476244512144518,0.4504975878510416,0.2999702539902505,0.4529657552569461,0.2733555900615766,0.4026868578707226
Miao$\mapsto$Ravi-1,0.3419210895630156,0.4065924100520486,0.4962943447717439,0.3183123777264228,0.3697482278761262,0.4134455887907141,0.3423992837175766,0.3285650318374259,0.3255965393226471,0.3337248975593844,0.3218069644628362,0.4297230294350136,0.3137168516880398,0.3556156140577867,0.316995402815375,0.3672784897502914,0.4569523918969137,0.3328059211232772,0.3135690678115428,0.3349839672553789,0.3200346453230865,0.3440180154074425,0.430806971892,0.4680739636345671,0.4063784393907788,0.3165341177504632
Choueiri$\mapsto$Riaz,0.1771767331825116,0.1930386652452487,0.3429522492757786,0.1840889829856998,0.3144636692846632,0.4195485090295511,0.4501093040484119,0.1829184414153798,0.1447375208023635,0.179337959919162,0.3999407048058288,0.5125922683833944,0.4812181906063393,0.1927178328210558,0.5814619336554179,0.4588866299785689,0.4694602612757775,0.1387706989772653,0.4169181179826017,0.4970191498326853,0.4472858229003374,0.4377696999681251,0.5151747002728432,0.5418373286826269,0.3231771699124912,0.5082061183982649
Choueiri$\mapsto$IMmotion150,0.2470596240012594,0.2735582296424474,0.3746815920633826,0.2523090328268538,0.3479692143127532,0.3509015016135071,0.3711214202255193,0.2826984357959766,0.2199181286913356,0.244206541383682,0.4112163553080204,0.4529479888391279,0.4027781626219133,0.3778464290727292,0.3825916999050965,0.4241554848981026,0.4502816003444891,0.2439103230357041,0.4205906141173571,0.429465990746067,0.4476244512144518,0.4504975878510416,0.3345110728675424,0.4529657552569461,0.4720031780604173,0.4026868578707226
Ravi-2$\mapsto$Ravi-1,0.376813546316939,0.4065924100520486,0.348301848308498,0.453151360572129,0.3703860942394169,0.4525744079145707,0.3300836895927103,0.4960329954195095,0.3255965393226471,0.4264773169547096,0.3218069644628362,0.297099065058778,0.3137168516880398,0.5277488799890673,0.316995402815375,0.3646209802143139,0.2967057808013048,0.4517043261792984,0.3135690678115428,0.3349839672553789,0.3200346453230865,0.3440180154074425,0.3925648837674017,0.3172403898090039,0.4364783947756812,0.3165341177504632
Ravi-1$\mapsto$Riaz,0.1792939144443373,0.1726521475696935,0.3429522492757786,0.2756365771862434,0.3760809380043807,0.1514702656243624,0.2261400786201739,0.2041013591245065,0.3332666499173446,0.1709326741555049,0.3999407048058288,0.5043739278015016,0.4812181906063393,0.1927178328210558,0.5814619336554179,0.5288337547548073,0.4694602612757775,0.3084722222222222,0.4169181179826017,0.4970191498326853,0.4472858229003374,0.4377696999681251,0.5474618737185863,0.5418373286826269,0.4188669265517092,0.5082061183982649
Freeman$\mapsto$Snyder,0.2813320666261843,0.2254685946885194,0.3193974442924022,0.3412656554463277,0.2456381877987362,0.2503446216543297,0.3515714444285873,0.3650635079206508,0.4028629866865161,0.480825502817984,0.4837175254717272,0.3312593053415698,0.2441519522788872,0.2544977572675493,0.3915690518631695,0.2621921778157957,0.3412250865258384,0.6666666666666666,0.4401785140506944,0.2975351504238058,0.3262379951980792,0.638728314292224,0.2658584937471492,0.7083840553765366,0.2763324910383734,0.5664402124486158
Zhao$\mapsto$Ravi-2,0.4462899743230625,0.3197244437279267,0.2687209975696817,0.2651807719438583,0.5396296117131063,0.4933159180477544,0.2802121273670691,0.5044581812988354,0.3232227464564421,0.3710522116772117,0.298865368914711,0.5572640222096743,0.2439503583053775,0.3176485810385267,0.3716860667712061,0.2900386784268363,0.612017804928989,0.3316507465963987,0.3829240841073271,0.2382226141358006,0.2768499590131455,0.3090056322872399,0.5532100150666327,0.2456639260091735,0.5756767699105161,0.376811602560778
IMmotion150$\mapsto$Riaz,0.1792939144443373,0.1726521475696935,0.3429522492757786,0.2756365771862434,0.4533432198550317,0.4195485090295511,0.2332135076884177,0.1829184414153798,0.3332666499173446,0.2090217137679543,0.3999407048058288,0.5125922683833944,0.4812181906063393,0.1927178328210558,0.5814619336554179,0.5305830846789624,0.4694602612757775,0.3084722222222222,0.4169181179826017,0.4970191498326853,0.4472858229003374,0.4377696999681251,0.3403544570472903,0.5418373286826269,0.3325451564384589,0.5082061183982649
Kim$\mapsto$IMmotion150,0.2470596240012594,0.3014250775321643,0.3746815920633826,0.3335632112363577,0.3682723195221097,0.3509015016135071,0.3899536875453167,0.2826984357959766,0.393419214954637,0.3792882659397127,0.4112163553080204,0.4566810031905244,0.4027781626219133,0.3778464290727292,0.3825916999050965,0.3131401651802696,0.4502816003444891,0.2439103230357041,0.4205906141173571,0.429465990746067,0.4476244512144518,0.4504975878510416,0.4079958925646693,0.4529657552569461,0.3893218630834738,0.4026868578707226
Rose$\mapsto$IMmotion150,0.3156762621664586,0.3014250775321643,0.3746815920633826,0.3335632112363577,0.3519312013511725,0.3509015016135071,0.3454046535196977,0.2814419106254066,0.393419214954637,0.3845434694176953,0.4112163553080204,0.4576698511418398,0.4027781626219133,0.3778464290727292,0.3825916999050965,0.3629041453359467,0.4502816003444891,0.3653053523743179,0.4205906141173571,0.429465990746067,0.4476244512144518,0.4504975878510416,0.3360977124565214,0.4529657552569461,0.3077377557141207,0.4026868578707226
Gide$\mapsto$Riaz,0.1771767331825116,0.1930386652452487,0.3429522492757786,0.2756365771862434,0.3521281762986569,0.4195485090295511,0.430401675320313,0.2041013591245065,0.3332666499173446,0.2134658617326607,0.3999407048058288,0.4827334173509422,0.4812181906063393,0.1927178328210558,0.5814619336554179,0.5573137557376687,0.4694602612757775,0.3084722222222222,0.4169181179826017,0.4970191498326853,0.4472858229003374,0.4377696999681251,0.295555776058872,0.5418373286826269,0.3596280473576114,0.5082061183982649
Riaz$\mapsto$IMmotion150,0.2470596240012594,0.2735582296424474,0.3746815920633826,0.3335632112363577,0.4564010189515915,0.3509015016135071,0.3598330836823936,0.2814419106254066,0.393419214954637,0.3293362503584307,0.4112163553080204,0.4455417781078106,0.4027781626219133,0.3778464290727292,0.3825916999050965,0.3984877152575992,0.4502816003444891,0.3653053523743179,0.4205906141173571,0.429465990746067,0.4476244512144518,0.4504975878510416,0.3915450741565817,0.4529657552569461,0.3152375492805254,0.4026868578707226
Snyder$\mapsto$Allen,0.3809956593714955,0.4128444915220205,0.2333025515787782,0.3034688131682782,0.5270185348845899,0.389156353339984,0.2945900849832785,0.1889328417368258,0.4373925779837901,0.4241529517815539,0.3965479856057681,0.4123091378606837,0.4604693901332982,0.3669200769047782,0.3913046882184203,0.296368629595342,0.4260056683534974,0.5805166098269546,0.501631763214827,0.2595622367343635,0.2419181522649802,0.4403066717115185,0.3538703489938151,0.4344258523245071,0.3553620991409331,0.4359394628899478
Allen$\mapsto$IMmotion150,0.2470596240012594,0.2735582296424474,0.3746815920633826,0.2523090328268538,0.4581451364360458,0.3509015016135071,0.3436444246903807,0.2814419106254066,0.393419214954637,0.3217027498683907,0.4112163553080204,0.457214359472159,0.4027781626219133,0.3778464290727292,0.3825916999050965,0.334123823142926,0.4502816003444891,0.3653053523743179,0.4205906141173571,0.429465990746067,0.4476244512144518,0.4504975878510416,0.4283206060731256,0.4529657552569461,0.439902198827386,0.4026868578707226
Liu$\mapsto$IMmotion150,0.2470596240012594,0.3014250775321643,0.3746815920633826,0.2523090328268538,0.4306049159197569,0.3509015016135071,0.3587922091207106,0.2826984357959766,0.393419214954637,0.2581414848146522,0.4112163553080204,0.4456673926298077,0.4027781626219133,0.3778464290727292,0.3825916999050965,0.3736094051700055,0.4502816003444891,0.3653053523743179,0.4205906141173571,0.429465990746067,0.4476244512144518,0.4504975878510416,0.4654168305763849,0.4529657552569461,0.4594919374940711,0.4026868578707226
Kim$\mapsto$Snyder,0.3169956094325842,0.2254685946885194,0.3193974442924022,0.3412656554463277,0.4405557162136109,0.4250967053488061,0.2172904789446142,0.3650635079206508,0.4028629866865161,0.4462711682636494,0.4837175254717272,0.3527459069752302,0.4328064559156996,0.4360222901576285,0.3915690518631695,0.231669418472824,0.3412250865258384,0.2759353741496598,0.4401785140506944,0.2975351504238058,0.3262379951980792,0.638728314292224,0.2788471449185735,0.7083840553765366,0.2881793068104435,0.5664402124486158
Hugo$\mapsto$Ravi-1,0.376813546316939,0.4065924100520486,0.348301848308498,0.453151360572129,0.3844493266282895,0.4525744079145707,0.4502121265320894,0.3285650318374259,0.3255965393226471,0.4581383979070962,0.3218069644628362,0.3742075956218099,0.3137168516880398,0.5277488799890673,0.316995402815375,0.4857482975258125,0.2967057808013048,0.4517043261792984,0.3135690678115428,0.4819408092550696,0.3200346453230865,0.3440180154074425,0.4002534345589796,0.3172403898090039,0.4342450433799403,0.3165341177504632
IMVigor210$\mapsto$IMmotion150,0.3156762621664586,0.3014250775321643,0.3746815920633826,0.3335632112363577,0.3322520474662825,0.2473705506051431,0.335692098378896,0.2814419106254066,0.393419214954637,0.3756582842332888,0.4112163553080204,0.4500538493486534,0.4027781626219133,0.3778464290727292,0.3825916999050965,0.3425193913465924,0.4502816003444891,0.3653053523743179,0.4205906141173571,0.429465990746067,0.4476244512144518,0.4504975878510416,0.4729107651831676,0.4529657552569461,0.4526718554769934,0.4026868578707226
Liu$\mapsto$Riaz,0.1771767331825116,0.1726521475696935,0.3429522492757786,0.1840889829856998,0.4160121973867819,0.4195485090295511,0.2217909576380368,0.1829184414153798,0.3332666499173446,0.1986844569589348,0.3999407048058288,0.471343300192968,0.4812181906063393,0.1927178328210558,0.5814619336554179,0.5311792581529423,0.4694602612757775,0.3084722222222222,0.4169181179826017,0.4970191498326853,0.4472858229003374,0.4377696999681251,0.619865795468881,0.5418373286826269,0.513872330284095,0.5082061183982649
Choueiri$\mapsto$Allen,0.3809956593714955,0.4128444915220205,0.4557892457913202,0.3457125828268595,0.2872205150651919,0.389156353339984,0.3704370977582204,0.1889328417368258,0.2449163149698054,0.4486383649933535,0.3965479856057681,0.4284039111363555,0.4604693901332982,0.3669200769047782,0.3913046882184203,0.4216644106459741,0.4260056683534974,0.2281274281274281,0.501631763214827,0.4086108084018267,0.443357617651673,0.4403066717115185,0.3782142555691641,0.4344258523245071,0.4119040704015128,0.4359394628899478
Snyder$\mapsto$Freeman,0.2785676989571777,0.3409232113232711,0.3769512707137388,0.4758650503703081,0.3897968125420959,0.3255147336610444,0.3138285937572117,0.4485542335498657,0.4184505298958592,0.4205147136739167,0.4294562213198115,0.4722397280070938,0.4624410232036255,0.4012911710006098,0.4502177504461016,0.4042880115507556,0.4638628874285559,0.4053733123130406,0.4226406552910742,0.2735309489655714,0.3003536376769119,0.4565250822676064,0.3040789100164869,0.4365644427432852,0.2922561815567857,0.4360127203175511
Gide$\mapsto$IMmotion150,0.2470596240012594,0.2735582296424474,0.3746815920633826,0.3335632112363577,0.4286247036274399,0.3509015016135071,0.3655011408638179,0.2814419106254066,0.393419214954637,0.3416145089897492,0.4112163553080204,0.4464135916035373,0.4027781626219133,0.3778464290727292,0.3825916999050965,0.4200247132933523,0.4502816003444891,0.3653053523743179,0.4205906141173571,0.429465990746067,0.4476244512144518,0.4504975878510416,0.463866934593416,0.4529657552569461,0.520731914584559,0.4026868578707226
Freeman$\mapsto$Allen,0.2713948973855409,0.2947326377111444,0.4557892457913202,0.3034688131682782,0.2676767879655985,0.2636268527678204,0.3458508839486866,0.1889328417368258,0.4373925779837901,0.5093234444136461,0.3965479856057681,0.4167067493481268,0.2389966077669644,0.3711375168161463,0.3913046882184203,0.5986382198038678,0.4260056683534974,0.6666666666666666,0.501631763214827,0.4086108084018267,0.443357617651673,0.4403066717115185,0.3416906151190544,0.4344258523245071,0.4039065022297721,0.4359394628899478
Ravi-1$\mapsto$IMmotion150,0.3156762621664586,0.3014250775321643,0.3746815920633826,0.3335632112363577,0.4268484468321722,0.2473705506051431,0.4725384739176169,0.2814419106254066,0.393419214954637,0.31951752221253,0.4112163553080204,0.4660396405988939,0.4027781626219133,0.3778464290727292,0.3825916999050965,0.3687132685064569,0.4502816003444891,0.3653053523743179,0.4205906141173571,0.429465990746067,0.4476244512144518,0.4504975878510416,0.441612677629582,0.4529657552569461,0.6212409178562199,0.4026868578707226
Hugo$\mapsto$Liu,0.3715943266695306,0.4036472297988177,0.3955973644152053,0.376490395705613,0.3576361467920419,0.3859693440178461,0.3093283276483853,0.4985125149092787,0.4034716695721346,0.3287327092224648,0.4537139902804974,0.4119652665650754,0.418896997913754,0.4013114235740612,0.3739454451167048,0.4261339800739091,0.3944645543885793,0.5080676380500873,0.3996014634622987,0.4670215693034515,0.3529297975959681,0.3939814925309072,0.3553398711358794,0.4102530490405252,0.4255879710689357,0.3977058047399522
Allen$\mapsto$Snyder,0.3169956094325842,0.6396529824050832,0.3193974442924022,0.2683954126982654,0.5390142021720968,0.4250967053488061,0.3306891987564256,0.2541371744379262,0.4028629866865161,0.2922258297258297,0.4837175254717272,0.3474428766722,0.4328064559156996,0.4360222901576285,0.3915690518631695,0.2697596103832282,0.3412250865258384,0.4465347677532552,0.4401785140506944,0.2975351504238058,0.3262379951980792,0.638728314292224,0.2944789804033502,0.7083840553765366,0.23351383339497,0.5664402124486158
IMVigor210$\mapsto$Snyder,0.2813320666261843,0.2254685946885194,0.3193974442924022,0.3412656554463277,0.3048955946014769,0.2503446216543297,0.4416900559757702,0.2541371744379262,0.4028629866865161,0.415457266822813,0.4837175254717272,0.3444956255106631,0.4328064559156996,0.4360222901576285,0.3915690518631695,0.6902894491129785,0.3412250865258384,0.4465347677532552,0.4401785140506944,0.2975351504238058,0.3262379951980792,0.638728314292224,0.2562745678568323,0.7083840553765366,0.4136973204200094,0.5664402124486158
Hugo$\mapsto$Ravi-2,0.4462899743230625,0.3197244437279267,0.389720559046217,0.3482432863189442,0.3792934119021076,0.4933159180477544,0.5135696514971358,0.267176753606581,0.3232227464564421,0.4585590014037651,0.3625313651608408,0.3040852189157815,0.5452796341562074,0.3176485810385267,0.3716860667712061,0.2739209513933778,0.612017804928989,0.3316507465963987,0.4591819985569986,0.2382226141358006,0.5762658756684492,0.5237579976689379,0.3243405430353959,0.5266594516594516,0.3825328323469056,0.3788763666888667
Ravi-2$\mapsto$Liu,0.3715943266695306,0.4036472297988177,0.3955973644152053,0.376490395705613,0.349642064513166,0.3859693440178461,0.3853318010787742,0.3541813991304577,0.4034716695721346,0.4306000634181511,0.4537139902804974,0.3948962809962744,0.418896997913754,0.4013114235740612,0.3739454451167048,0.360331506722875,0.3944645543885793,0.5080676380500873,0.3996014634622987,0.4046509267709407,0.3529297975959681,0.3939814925309072,0.4956948126708738,0.4102530490405252,0.4541865356310516,0.3977058047399522
IMmotion150$\mapsto$Snyder,0.2813320666261843,0.2254685946885194,0.3193974442924022,0.3412656554463277,0.4092708878423164,0.4250967053488061,0.4877953813104189,0.3650635079206508,0.4028629866865161,0.3578787857923197,0.4837175254717272,0.3414319000204671,0.4328064559156996,0.4360222901576285,0.3915690518631695,0.5371469800041229,0.3412250865258384,0.4465347677532552,0.4401785140506944,0.2975351504238058,0.3262379951980792,0.638728314292224,0.2573890162125456,0.7083840553765366,0.2774448299133173,0.5664402124486158
Riaz$\mapsto$Snyder,0.3169956094325842,0.6396529824050832,0.3193974442924022,0.3412656554463277,0.3488487702773417,0.4250967053488061,0.2415148675100024,0.2541371744379262,0.4028629866865161,0.3878573438944955,0.4837175254717272,0.3412250865258384,0.4328064559156996,0.4360222901576285,0.3915690518631695,0.3642277365491651,0.3412250865258384,0.4465347677532552,0.4401785140506944,0.2975351504238058,0.3262379951980792,0.638728314292224,0.3236075849797654,0.7083840553765366,0.3559654631083202,0.5664402124486158
Zhao$\mapsto$Kim,0.2663554315805319,0.6022762260554694,0.3459863752248608,0.1889879591632586,0.2135477637613686,0.263063495417637,0.5073862856196447,0.2550148051211219,0.2403088368056889,0.4131350768515834,0.4853138051798854,0.1910818953652473,0.627120666040977,0.550174113185994,0.2375955448885862,0.3585783564471991,0.1704546406850459,0.2020054141764668,0.6250148063517863,0.4354309793498847,0.7166611420422397,0.6018607237864719,0.4543379507349022,0.5025217171135594,0.3792685406955434,0.7634327604240956
Zhao$\mapsto$Allen,0.2713948973855409,0.2947326377111444,0.4557892457913202,0.3457125828268595,0.2618192920680857,0.2636268527678204,0.4486812863882289,0.9999999999999998,0.2449163149698054,0.5045778286201088,0.3965479856057681,0.2643738333423087,0.4604693901332982,0.3669200769047782,0.2534554303800149,0.573464629125656,0.2536749641225665,0.5805166098269546,0.501631763214827,0.4086108084018267,0.443357617651673,0.4403066717115185,0.3830478295417875,0.4344258523245071,0.3172389214594852,0.4359394628899478
Miao$\mapsto$Freeman,0.2785676989571777,0.5430642230968655,0.3597326197477346,0.323727745261087,0.335918248632488,0.3255147336610444,0.5393670357065498,0.4485542335498657,0.5285990078272454,0.4001810000426597,0.4418538289821858,0.3491459038942354,0.5064588090128904,0.3653586279233897,0.4698625493905318,0.3572381877808564,0.4638628874285559,0.3613108206245461,0.4944349147711413,0.2735309489655714,0.3003536376769119,0.4930111550582424,0.3912193238057938,0.4365644427432852,0.365001309611995,0.4821166432947616
Miao$\mapsto$Liu,0.3881294284100959,0.4036472297988177,0.4941691516603465,0.4226810136590659,0.431479034948208,0.4396679937936887,0.3786098560729899,0.4985125149092787,0.4034716695721346,0.4044878747503836,0.4537139902804974,0.3940345849610734,0.418896997913754,0.3764024402111809,0.3739454451167048,0.3434291550118623,0.4474543782876705,0.3773104329754733,0.3996014634622987,0.4046509267709407,0.3529297975959681,0.3939814925309072,0.394371902207756,0.4562448858993153,0.4098609065214138,0.3977058047399522
Ravi-1$\mapsto$Snyder,0.2813320666261843,0.2254685946885194,0.3193974442924022,0.3412656554463277,0.4737635380492523,0.2503446216543297,0.2933587430187386,0.2541371744379262,0.4028629866865161,0.5866665964631467,0.4837175254717272,0.3454200978637068,0.4328064559156996,0.4360222901576285,0.3915690518631695,0.3465804586464692,0.3412250865258384,0.4465347677532552,0.4401785140506944,0.2975351504238058,0.3262379951980792,0.638728314292224,0.639149447657851,0.7083840553765366,0.3938712630801309,0.5664402124486158
Liu$\mapsto$Snyder,0.3169956094325842,0.2254685946885194,0.3193974442924022,0.2683954126982654,0.4981341861980959,0.4250967053488061,0.2404273272307328,0.3650635079206508,0.4028629866865161,0.4598739495798318,0.4837175254717272,0.3241949411343485,0.4328064559156996,0.4360222901576285,0.3915690518631695,0.3491493809522336,0.3412250865258384,0.4465347677532552,0.4401785140506944,0.2975351504238058,0.3262379951980792,0.638728314292224,0.4959406090985038,0.7083840553765366,0.4860644257703081,0.5664402124486158
Kim$\mapsto$Allen,0.3809956593714955,0.2947326377111444,0.4557892457913202,0.3034688131682782,0.4009906265140123,0.389156353339984,0.4054426843893773,0.1889328417368258,0.4373925779837901,0.5012718144760723,0.3965479856057681,0.4257232584557029,0.4604693901332982,0.3669200769047782,0.3913046882184203,0.4898837402707371,0.4260056683534974,0.2281274281274281,0.501631763214827,0.4086108084018267,0.443357617651673,0.4403066717115185,0.6529705996059438,0.4344258523245071,0.5042407168533811,0.4359394628899478
Rose$\mapsto$Snyder,0.2813320666261843,0.2254685946885194,0.3193974442924022,0.3412656554463277,0.639686900401186,0.4250967053488061,0.5035048702341935,0.2541371744379262,0.4028629866865161,0.438844134144886,0.4837175254717272,0.3527459069752302,0.4328064559156996,0.4360222901576285,0.3915690518631695,0.3465804586464692,0.3412250865258384,0.4465347677532552,0.4401785140506944,0.2975351504238058,0.3262379951980792,0.638728314292224,0.3131461558982567,0.7083840553765366,0.4216931668999338,0.5664402124486158
Snyder$\mapsto$Kim,0.371504892265229,0.1781832246897572,0.2056457244951881,0.6177596502104107,0.3100369648849742,0.4436600344189059,0.3381422866695702,0.2877939057728535,0.6692514737154831,0.2334194699810623,0.4853138051798854,0.4117982549065763,0.627120666040977,0.550174113185994,0.756882476076555,0.2371519756167061,0.6209649062885536,0.2020054141764668,0.6250148063517863,0.1924475436298582,0.1641183440166638,0.6018607237864719,0.2422357811456422,0.5025217171135594,0.2379206476381018,0.7634327604240956
Choueiri$\mapsto$Freeman,0.2785676989571777,0.3409232113232711,0.3597326197477346,0.323727745261087,0.3119982805548171,0.3255147336610444,0.3334166550107172,0.4485542335498657,0.5285990078272454,0.5214227788273716,0.4294562213198115,0.4678590615396725,0.4624410232036255,0.4012911710006098,0.4502177504461016,0.4697193245717395,0.4638628874285559,0.3613108206245461,0.4226406552910742,0.590692579457789,0.5732956728376987,0.4565250822676064,0.3264024627375706,0.4365644427432852,0.3760583225874477,0.4360127203175511
Zhao$\mapsto$Liu,0.3715943266695306,0.4036472297988177,0.4941691516603465,0.4226810136590659,0.384666781083931,0.3859693440178461,0.4313938932573464,0.3541813991304577,0.4034716695721346,0.4310933238068213,0.4200753204029864,0.3875995989340567,0.4427280312393221,0.4013114235740612,0.3739454451167048,0.4358185814689756,0.3944645543885793,0.5080676380500873,0.4667348029831709,0.4670215693034515,0.4445619064572298,0.4779618287447229,0.4174171347260278,0.4562448858993153,0.3875866406941353,0.4522275698770757
Choueiri$\mapsto$Snyder,0.3169956094325842,0.6396529824050832,0.3193974442924022,0.2683954126982654,0.4996537610259414,0.4250967053488061,0.3640744176458462,0.3650635079206508,0.2513170619124842,0.4467329846918524,0.4837175254717272,0.3414319000204671,0.4328064559156996,0.4360222901576285,0.3915690518631695,0.5990504535147392,0.3412250865258384,0.2759353741496598,0.4401785140506944,0.2975351504238058,0.3262379951980792,0.638728314292224,0.4797662654805512,0.7083840553765366,0.379196299732014,0.5664402124486158
Allen$\mapsto$Freeman,0.2785676989571777,0.3409232113232711,0.3597326197477346,0.323727745261087,0.2930622143052901,0.3255147336610444,0.5008519731042951,0.4080948684293335,0.4184505298958592,0.6025540460451131,0.4294562213198115,0.4678590615396725,0.4624410232036255,0.4012911710006098,0.4502177504461016,0.5794312536000515,0.4638628874285559,0.4053733123130406,0.4226406552910742,0.590692579457789,0.5732956728376987,0.4565250822676064,0.3493099659187182,0.4365644427432852,0.3327549173266758,0.4360127203175511
Snyder$\mapsto$Liu,0.3881294284100959,0.3817534695124532,0.3955973644152053,0.376490395705613,0.4170356700242557,0.4396679937936887,0.3571149198050284,0.4985125149092787,0.4690762304511529,0.4056154193446784,0.4200753204029864,0.4333590972203962,0.4427280312393221,0.4013114235740612,0.4437337991245043,0.43121203933683,0.4474543782876705,0.5080676380500873,0.4667348029831709,0.4046509267709407,0.3529297975959681,0.4779618287447229,0.4524529722795121,0.4562448858993153,0.4215438434148014,0.4522275698770757
Choueiri$\mapsto$Ravi-1,0.3419210895630156,0.3269371674350586,0.4962943447717439,0.3183123777264228,0.361410935901981,0.4134455887907141,0.3831356607905801,0.3285650318374259,0.3255965393226471,0.3858254692093863,0.5188059462968262,0.454837426914366,0.4961916295675634,0.5277488799890673,0.5273407414643457,0.4483764664819494,0.4569523918969137,0.3328059211232772,0.4738980217597379,0.4819408092550696,0.5444060747088393,0.4518039913072578,0.3375016332563278,0.4680739636345671,0.4351461940834903,0.547054162075877
Kim$\mapsto$Liu,0.3881294284100959,0.4036472297988177,0.4941691516603465,0.376490395705613,0.4194422968017106,0.4396679937936887,0.4118441191117741,0.4985125149092787,0.4690762304511529,0.3796146099735041,0.4200753204029864,0.4413117759266984,0.4427280312393221,0.4013114235740612,0.4437337991245043,0.3936418699048155,0.4474543782876705,0.3773104329754733,0.4667348029831709,0.4670215693034515,0.4445619064572298,0.4779618287447229,0.417580148506904,0.4562448858993153,0.357473949755568,0.4522275698770757
IMmotion150$\mapsto$Allen,0.2713948973855409,0.2947326377111444,0.4557892457913202,0.3034688131682782,0.438527875556037,0.389156353339984,0.3914987598995696,0.1889328417368258,0.4373925779837901,0.4508900802680896,0.3965479856057681,0.4284039111363555,0.4604693901332982,0.3669200769047782,0.3913046882184203,0.4550225257187216,0.4260056683534974,0.5805166098269546,0.501631763214827,0.4086108084018267,0.443357617651673,0.4403066717115185,0.6736442114299424,0.4344258523245071,0.7524568419931321,0.4359394628899478
Choueiri$\mapsto$Kim,0.371504892265229,0.1781832246897572,0.3459863752248608,0.1889879591632586,0.1738583122143486,0.4436600344189059,0.3882899039979546,0.2877939057728535,0.2403088368056889,0.2290504173705986,0.4853138051798854,0.6239602505338978,0.627120666040977,0.550174113185994,0.756882476076555,0.2737308071798031,0.6209649062885536,0.2727170490328385,0.6250148063517863,0.4354309793498847,0.7166611420422397,0.6018607237864719,0.1730452743076509,0.5025217171135594,0.359552076147566,0.7634327604240956
Snyder$\mapsto$Ravi-1,0.3419210895630156,0.3269371674350586,0.348301848308498,0.453151360572129,0.420894348620966,0.4134455887907141,0.3225036290482463,0.3285650318374259,0.5103780212094062,0.427087205398608,0.5188059462968262,0.4074046694360052,0.4961916295675634,0.5277488799890673,0.5273407414643457,0.4081139983845996,0.4569523918969137,0.4517043261792984,0.4738980217597379,0.3349839672553789,0.3200346453230865,0.4518039913072578,0.4601408591999688,0.4680739636345671,0.5023734096215013,0.547054162075877
Ravi-2$\mapsto$Freeman,0.5194691358392269,0.5430642230968655,0.3769512707137388,0.4758650503703081,0.4537919393908897,0.5363888997349116,0.2519017114600175,0.4080948684293335,0.5285990078272454,0.3428803166235093,0.4418538289821858,0.4204350346083615,0.5064588090128904,0.4012911710006098,0.4698625493905318,0.3688305421495485,0.4831907590491349,0.4053733123130406,0.4944349147711413,0.2735309489655714,0.3003536376769119,0.4930111550582424,0.3366232916667082,0.5683038619232504,0.3764541114080462,0.4821166432947616
IMVigor210$\mapsto$Liu,0.3715943266695306,0.4036472297988177,0.4941691516603465,0.376490395705613,0.3897846215054189,0.3859693440178461,0.4567071222905959,0.3541813991304577,0.4690762304511529,0.398533450414994,0.4200753204029864,0.4450341997421329,0.4427280312393221,0.4013114235740612,0.4437337991245043,0.3865619348522626,0.4474543782876705,0.5080676380500873,0.4667348029831709,0.4670215693034515,0.4445619064572298,0.4779618287447229,0.4197516722247847,0.4562448858993153,0.4807886292193375,0.4522275698770757
Liu$\mapsto$Allen,0.3809956593714955,0.2947326377111444,0.4557892457913202,0.3457125828268595,0.3330210815067809,0.389156353339984,0.6604834119837435,0.1889328417368258,0.4373925779837901,0.5373884062158056,0.3965479856057681,0.4134443858688085,0.4604693901332982,0.3669200769047782,0.3913046882184203,0.6132034253354806,0.4260056683534974,0.5805166098269546,0.501631763214827,0.4086108084018267,0.443357617651673,0.4403066717115185,0.491064454130257,0.4344258523245071,0.4561854225881375,0.4359394628899478
IMVigor210$\mapsto$Allen,0.2713948973855409,0.2947326377111444,0.4557892457913202,0.3034688131682782,0.2877036846871413,0.2636268527678204,0.4160407089800993,0.9999999999999998,0.4373925779837901,0.51644019282194,0.3965479856057681,0.4284039111363555,0.4604693901332982,0.3669200769047782,0.3913046882184203,0.2576278920167859,0.4260056683534974,0.5805166098269546,0.501631763214827,0.4086108084018267,0.443357617651673,0.4403066717115185,0.5975956335897754,0.4344258523245071,0.4700851594412561,0.4359394628899478
Rose$\mapsto$Liu,0.3715943266695306,0.4036472297988177,0.4941691516603465,0.376490395705613,0.3569104202834209,0.4396679937936887,0.4219467084733665,0.3541813991304577,0.4690762304511529,0.41778626132198,0.4200753204029864,0.444509427928826,0.4427280312393221,0.4013114235740612,0.4437337991245043,0.462731881299053,0.4474543782876705,0.5080676380500873,0.4667348029831709,0.4670215693034515,0.4445619064572298,0.4779618287447229,0.4451952358839406,0.4562448858993153,0.4174136852877489,0.4522275698770757
Zhao$\mapsto$Ravi-1,0.376813546316939,0.4065924100520486,0.4962943447717439,0.3183123777264228,0.3849430761492162,0.4525744079145707,0.343177550393572,0.4960329954195095,0.3255965393226471,0.3351348904451824,0.5188059462968262,0.3025825726830422,0.4961916295675634,0.5277488799890673,0.316995402815375,0.4993580374693096,0.2967057808013048,0.4517043261792984,0.4738980217597379,0.4819408092550696,0.5444060747088393,0.4518039913072578,0.526680785262563,0.4680739636345671,0.4770686577417194,0.547054162075877
Riaz$\mapsto$Freeman,0.2785676989571777,0.3409232113232711,0.3597326197477346,0.4758650503703081,0.3211526327935202,0.3255147336610444,0.537643510682606,0.4080948684293335,0.4184505298958592,0.5524774691289229,0.4294562213198115,0.4609588470245154,0.4624410232036255,0.4012911710006098,0.4502177504461016,0.4871122993924913,0.4638628874285559,0.4053733123130406,0.4226406552910742,0.590692579457789,0.5732956728376987,0.4565250822676064,0.4202157152404919,0.4365644427432852,0.5222282629198656,0.4360127203175511
Gide$\mapsto$Snyder,0.3169956094325842,0.6396529824050832,0.3193974442924022,0.3412656554463277,0.4428180946038088,0.4250967053488061,0.3060296846011131,0.2541371744379262,0.4028629866865161,0.332997237356481,0.4837175254717272,0.3381613610356423,0.4328064559156996,0.4360222901576285,0.3915690518631695,0.5210313496027781,0.3412250865258384,0.4465347677532552,0.4401785140506944,0.2975351504238058,0.3262379951980792,0.638728314292224,0.65579332947754,0.7083840553765366,0.659305452950411,0.5664402124486158
IMmotion150$\mapsto$Liu,0.3715943266695306,0.4036472297988177,0.4941691516603465,0.376490395705613,0.4787379070509544,0.4396679937936887,0.4086209119960153,0.4985125149092787,0.4690762304511529,0.3611994883447398,0.4200753204029864,0.4429784786060839,0.4427280312393221,0.4013114235740612,0.4437337991245043,0.4569079496041401,0.4474543782876705,0.5080676380500873,0.4667348029831709,0.4670215693034515,0.4445619064572298,0.4779618287447229,0.4587108364579358,0.4562448858993153,0.4287557212115778,0.4522275698770757
Ravi-1$\mapsto$Liu,0.3715943266695306,0.4036472297988177,0.4941691516603465,0.376490395705613,0.445630271165395,0.3859693440178461,0.4065920508494903,0.3541813991304577,0.4690762304511529,0.4321608953362378,0.4200753204029864,0.4500432376300588,0.4427280312393221,0.4013114235740612,0.4437337991245043,0.4648957482716304,0.4474543782876705,0.5080676380500873,0.4667348029831709,0.4670215693034515,0.4445619064572298,0.4779618287447229,0.48338675406812,0.4562448858993153,0.5520451101557212,0.4522275698770757
Gide$\mapsto$Freeman,0.2785676989571777,0.3409232113232711,0.3597326197477346,0.4758650503703081,0.4339917267735895,0.3255147336610444,0.5147577942509376,0.4080948684293335,0.4184505298958592,0.554044272336039,0.4294562213198115,0.4548634005056819,0.4624410232036255,0.4012911710006098,0.4502177504461016,0.4667093430735071,0.4638628874285559,0.4053733123130406,0.4226406552910742,0.590692579457789,0.5732956728376987,0.4565250822676064,0.5186250528691115,0.4365644427432852,0.4440298045608465,0.4360127203175511
Choueiri$\mapsto$Liu,0.3881294284100959,0.3817534695124532,0.4941691516603465,0.4226810136590659,0.3721203757892688,0.4396679937936887,0.4783676582057771,0.4985125149092787,0.4034716695721346,0.5257164830090713,0.4200753204029864,0.4441045410368824,0.4427280312393221,0.4013114235740612,0.4437337991245043,0.4494242137729571,0.4474543782876705,0.3773104329754733,0.4667348029831709,0.4670215693034515,0.4445619064572298,0.4779618287447229,0.4748446411338722,0.4562448858993153,0.4819809385694134,0.4522275698770757
Riaz$\mapsto$Allen,0.3809956593714955,0.4128444915220205,0.4557892457913202,0.3034688131682782,0.3247660277949491,0.389156353339984,0.3255051576420928,0.9999999999999998,0.4373925779837901,0.4476151213093661,0.3965479856057681,0.424496308148485,0.4604693901332982,0.3669200769047782,0.3913046882184203,0.5825745107514575,0.4260056683534974,0.5805166098269546,0.501631763214827,0.4086108084018267,0.443357617651673,0.4403066717115185,0.4093637406776145,0.4344258523245071,0.3842729561594787,0.4359394628899478
Freeman$\mapsto$Liu,0.3715943266695306,0.4036472297988177,0.4941691516603465,0.376490395705613,0.3590837939566614,0.3859693440178461,0.4138118909434569,0.4985125149092787,0.4690762304511529,0.5304354122032187,0.4200753204029864,0.4372885105092754,0.418896997913754,0.3764024402111809,0.4437337991245043,0.4514237852719994,0.4474543782876705,0.6915887850467289,0.4667348029831709,0.4670215693034515,0.4445619064572298,0.4779618287447229,0.4131312474571187,0.4562448858993153,0.4119862828821471,0.4522275698770757
Gide$\mapsto$Liu,0.3881294284100959,0.3817534695124532,0.4941691516603465,0.376490395705613,0.467212505473479,0.4396679937936887,0.431377144785526,0.3541813991304577,0.4690762304511529,0.4671209623923188,0.4200753204029864,0.4417532109257652,0.4427280312393221,0.4013114235740612,0.4437337991245043,0.4608653944606812,0.4474543782876705,0.5080676380500873,0.4667348029831709,0.4670215693034515,0.4445619064572298,0.4779618287447229,0.489009091568826,0.4562448858993153,0.5356156108023227,0.4522275698770757
Ravi-1$\mapsto$Allen,0.2713948973855409,0.2947326377111444,0.4557892457913202,0.3034688131682782,0.4834783981750821,0.2636268527678204,0.2910066841902587,0.9999999999999998,0.4373925779837901,0.4711077334202468,0.3965479856057681,0.4039885907078285,0.4604693901332982,0.3669200769047782,0.3913046882184203,0.6075810429680399,0.4260056683534974,0.5805166098269546,0.501631763214827,0.4086108084018267,0.443357617651673,0.4403066717115185,0.4093559871041311,0.4344258523245071,0.6993391626777332,0.4359394628899478
IMmotion150$\mapsto$Freeman,0.5194691358392269,0.5430642230968655,0.3597326197477346,0.4758650503703081,0.4163301661794077,0.3255147336610444,0.4062426917576941,0.4485542335498657,0.4184505298958592,0.5063146516982558,0.4294562213198115,0.4647656271962382,0.4624410232036255,0.4012911710006098,0.4502177504461016,0.4685532643478719,0.4638628874285559,0.4053733123130406,0.4226406552910742,0.590692579457789,0.5732956728376987,0.4565250822676064,0.3926275092304589,0.4365644427432852,0.4239278775148865,0.4360127203175511
Liu$\mapsto$Freeman,0.2785676989571777,0.5430642230968655,0.3597326197477346,0.323727745261087,0.4070155122088116,0.3255147336610444,0.435183618244353,0.4485542335498657,0.4184505298958592,0.4628727158416454,0.4294562213198115,0.4584673745825706,0.4624410232036255,0.4012911710006098,0.4502177504461016,0.4904091683551895,0.4638628874285559,0.4053733123130406,0.4226406552910742,0.590692579457789,0.5732956728376987,0.4565250822676064,0.5552936311935672,0.4365644427432852,0.6635286121321886,0.4360127203175511
Zhao$\mapsto$Freeman,0.5194691358392269,0.5430642230968655,0.3597326197477346,0.323727745261087,0.4528345114850954,0.5363888997349116,0.5045047742388085,0.4080948684293335,0.5285990078272454,0.3834229902976743,0.4294562213198115,0.4288246394660266,0.4624410232036255,0.4012911710006098,0.4698625493905318,0.5775105277209923,0.4831907590491349,0.4053733123130406,0.4226406552910742,0.590692579457789,0.5732956728376987,0.4565250822676064,0.3110291040497778,0.4365644427432852,0.2663477999318698,0.4360127203175511
Liu$\mapsto$Ravi-1,0.3419210895630156,0.4065924100520486,0.4962943447717439,0.3183123777264228,0.3400090230863595,0.4134455887907141,0.363772699230081,0.3285650318374259,0.5103780212094062,0.3159672964085386,0.5188059462968262,0.4292256000808404,0.4961916295675634,0.5277488799890673,0.5273407414643457,0.495721801204935,0.4569523918969137,0.4517043261792984,0.4738980217597379,0.4819408092550696,0.5444060747088393,0.4518039913072578,0.5568149917136037,0.4680739636345671,0.5290793791161613,0.547054162075877
Allen$\mapsto$Liu,0.3881294284100959,0.3817534695124532,0.4941691516603465,0.4226810136590659,0.4965022598059955,0.4396679937936887,0.4630268564336963,0.3541813991304577,0.4690762304511529,0.4776441339699464,0.4200753204029864,0.443593545869108,0.4427280312393221,0.4013114235740612,0.4437337991245043,0.4402182752381175,0.4474543782876705,0.5080676380500873,0.4667348029831709,0.4670215693034515,0.4445619064572298,0.4779618287447229,0.5462845794911819,0.4562448858993153,0.5576034035682614,0.4522275698770757
Riaz$\mapsto$Liu,0.3881294284100959,0.3817534695124532,0.4941691516603465,0.376490395705613,0.4799159076241248,0.4396679937936887,0.4827505609359555,0.3541813991304577,0.4690762304511529,0.5004361161475606,0.4200753204029864,0.4474177805725459,0.4427280312393221,0.4013114235740612,0.4437337991245043,0.4650656424568098,0.4474543782876705,0.5080676380500873,0.4667348029831709,0.4670215693034515,0.4445619064572298,0.4779618287447229,0.558897028044478,0.4562448858993153,0.584794338005592,0.4522275698770757
Freeman$\mapsto$Ravi-1,0.376813546316939,0.4065924100520486,0.4962943447717439,0.453151360572129,0.3449326241654396,0.4525744079145707,0.4777011996838158,0.3285650318374259,0.5103780212094062,0.3455009836564795,0.5188059462968262,0.4124609735357262,0.3137168516880398,0.3556156140577867,0.5273407414643457,0.4973595562113831,0.4569523918969137,0.6862745098039216,0.4738980217597379,0.4819408092550696,0.5444060747088393,0.4518039913072578,0.483817302706619,0.4680739636345671,0.4467401482142203,0.547054162075877
Hugo$\mapsto$Freeman,0.5194691358392269,0.5430642230968655,0.3769512707137388,0.4758650503703081,0.4799628893390605,0.5363888997349116,0.5368045059288161,0.4485542335498657,0.5285990078272454,0.2942305465259013,0.4418538289821858,0.2873542616044919,0.5064588090128904,0.4012911710006098,0.4698625493905318,0.5866983102543633,0.4831907590491349,0.4053733123130406,0.4944349147711413,0.590692579457789,0.3003536376769119,0.4930111550582424,0.256035264780885,0.5683038619232504,0.3743426681921864,0.4821166432947616
Riaz$\mapsto$Ravi-1,0.3419210895630156,0.3269371674350586,0.4962943447717439,0.453151360572129,0.3516931132453792,0.4134455887907141,0.4316140787157941,0.4960329954195095,0.5103780212094062,0.4133415150741559,0.5188059462968262,0.4525132948866708,0.4961916295675634,0.5277488799890673,0.5273407414643457,0.4829161574693884,0.4569523918969137,0.4517043261792984,0.4738980217597379,0.4819408092550696,0.5444060747088393,0.4518039913072578,0.4337826267489608,0.4680739636345671,0.4003604151940122,0.547054162075877
Kim$\mapsto$Freeman,0.2785676989571777,0.5430642230968655,0.3597326197477346,0.4758650503703081,0.6428987662022895,0.3255147336610444,0.6773233063114777,0.4485542335498657,0.4184505298958592,0.48175500405786,0.4294562213198115,0.4678590615396725,0.4624410232036255,0.4012911710006098,0.4502177504461016,0.3806539592111057,0.4638628874285559,0.3613108206245461,0.4226406552910742,0.590692579457789,0.5732956728376987,0.4565250822676064,0.5044132202220437,0.4365644427432852,0.5108244781024426,0.4360127203175511
Rose$\mapsto$Allen,0.2713948973855409,0.2947326377111444,0.4557892457913202,0.3034688131682782,0.342486951918176,0.389156353339984,0.3571969189112638,0.9999999999999998,0.4373925779837901,0.5428440333745168,0.3965479856057681,0.4281068939022187,0.4604693901332982,0.3669200769047782,0.3913046882184203,0.6325352554222523,0.4260056683534974,0.5805166098269546,0.501631763214827,0.4086108084018267,0.443357617651673,0.4403066717115185,0.7362542385375201,0.4344258523245071,0.5591512170345122,0.4359394628899478
Rose$\mapsto$Freeman,0.5194691358392269,0.5430642230968655,0.3597326197477346,0.4758650503703081,0.4007348463516436,0.3255147336610444,0.703528010326256,0.4080948684293335,0.4184505298958592,0.520495663672747,0.4294562213198115,0.4651499650805761,0.4624410232036255,0.4012911710006098,0.4502177504461016,0.5136609531201322,0.4638628874285559,0.4053733123130406,0.4226406552910742,0.590692579457789,0.5732956728376987,0.4565250822676064,0.4789040536299307,0.4365644427432852,0.3818794459318051,0.4360127203175511
Miao$\mapsto$Zhao,0.4942999379653646,0.5934074541026413,0.4322477529455863,0.4877865065247436,0.3226298393029202,0.4192909599472944,0.5342966739302811,0.4665054982347473,0.5243690341150234,0.4952878793189798,0.4618923912344964,0.4237471066557631,0.5259050422792331,0.4782604547291462,0.524003723900642,0.2899836546516174,0.4472861926104288,0.4387603305785124,0.5363481976087521,0.391815954654248,0.4887452335382285,0.584476131672714,0.339527762993542,0.4846797813785448,0.3928477411824461,0.5717240999298415
Liu$\mapsto$Kim,0.371504892265229,0.6022762260554694,0.3459863752248608,0.1889879591632586,0.1732250870661249,0.4436600344189059,0.3061182018995986,0.2877939057728535,0.6692514737154831,0.2666020770492242,0.4853138051798854,0.5583467092496576,0.627120666040977,0.550174113185994,0.756882476076555,0.3319185845752906,0.6209649062885536,0.2020054141764668,0.6250148063517863,0.4354309793498847,0.7166611420422397,0.6018607237864719,0.4254606044251705,0.5025217171135594,0.325005987674893,0.7634327604240956
Hugo$\mapsto$Gide,0.4467918435253173,0.4888206211340609,0.4280779000839547,0.5630006913594986,0.452259085283571,0.42681159831892,0.468378815038239,0.4650191098718611,0.3837433814990278,0.4484789949883557,0.3949637126579196,0.3801820227026868,0.3901482890752339,0.8475842136255771,0.4008915082682017,0.5560446748922195,0.380683315602902,0.5822241462241462,0.3968376249585322,0.7609212762705659,0.3764080003015742,0.3829954357971201,0.5192553705878763,0.3884477764664846,0.4713783614554229,0.3832508564415181
Ravi-1$\mapsto$Freeman,0.5194691358392269,0.5430642230968655,0.3597326197477346,0.4758650503703081,0.5479380964995066,0.5363888997349116,0.4621027102298415,0.4080948684293335,0.4184505298958592,0.521102294917832,0.4294562213198115,0.4666073554086603,0.4624410232036255,0.4012911710006098,0.4502177504461016,0.5077912441254232,0.4638628874285559,0.4053733123130406,0.4226406552910742,0.590692579457789,0.5732956728376987,0.4565250822676064,0.4621373248211483,0.4365644427432852,0.4270443141039093,0.4360127203175511
Snyder$\mapsto$Zhao,0.4942999379653646,0.3266030460767303,0.3921537644294897,0.5348333080360822,0.4122503802095758,0.4192909599472944,0.65245098174368,0.4665054982347473,0.4594011056495454,0.3942367101949176,0.4903387976519836,0.4579210537053266,0.4772920501570815,0.693693094922552,0.4698402843602552,0.375659794621664,0.4472861926104288,0.5838998682476942,0.4649976124123202,0.391815954654248,0.4887452335382285,0.4936736035155007,0.342191873653743,0.4846797813785448,0.5042377822905607,0.4676969357044676
Allen$\mapsto$Ravi-1,0.3419210895630156,0.3269371674350586,0.4962943447717439,0.3183123777264228,0.399618995215531,0.4134455887907141,0.3593811846484697,0.4960329954195095,0.5103780212094062,0.3041285538485687,0.5188059462968262,0.4581494986345279,0.4961916295675634,0.5277488799890673,0.5273407414643457,0.5000785470003982,0.4569523918969137,0.4517043261792984,0.4738980217597379,0.4819408092550696,0.5444060747088393,0.4518039913072578,0.6390486560407286,0.4680739636345671,0.7023372586899274,0.547054162075877
Gide$\mapsto$Allen,0.3809956593714955,0.4128444915220205,0.4557892457913202,0.3034688131682782,0.4322625333595113,0.389156353339984,0.4245998418105077,0.9999999999999998,0.4373925779837901,0.5295687431722992,0.3965479856057681,0.4223703328298207,0.4604693901332982,0.3669200769047782,0.3913046882184203,0.474202997006557,0.4260056683534974,0.5805166098269546,0.501631763214827,0.4086108084018267,0.443357617651673,0.4403066717115185,0.7074340618820023,0.4344258523245071,0.640500850485193,0.4359394628899478
Choueiri$\mapsto$Zhao,0.4942999379653646,0.3266030460767303,0.4322477529455863,0.4877865065247436,0.3920863134738733,0.4192909599472944,0.5105890195662922,0.4665054982347473,0.5243690341150234,0.4784377215491766,0.4903387976519836,0.4465038721640767,0.4772920501570815,0.693693094922552,0.4698402843602552,0.4946861014415071,0.4472861926104288,0.4387603305785124,0.4649976124123202,0.5984161101594011,0.678375896172339,0.4936736035155007,0.2923409685280395,0.4846797813785448,0.3500487279403443,0.4676969357044676
IMVigor210$\mapsto$Freeman,0.5194691358392269,0.5430642230968655,0.3597326197477346,0.4758650503703081,0.5719583650380752,0.5363888997349116,0.436101641292742,0.4080948684293335,0.4184505298958592,0.5608016543003687,0.4294562213198115,0.4647656271962382,0.4624410232036255,0.4012911710006098,0.4502177504461016,0.3831125264965941,0.4638628874285559,0.4053733123130406,0.4226406552910742,0.590692579457789,0.5732956728376987,0.4565250822676064,0.5562988161778485,0.4365644427432852,0.5684624619851534,0.4360127203175511
Gide$\mapsto$Ravi-1,0.3419210895630156,0.3269371674350586,0.4962943447717439,0.453151360572129,0.5067868392139923,0.4134455887907141,0.4426163808898863,0.4960329954195095,0.5103780212094062,0.4308079721048554,0.5188059462968262,0.4448122052751349,0.4961916295675634,0.5277488799890673,0.5273407414643457,0.483501399139279,0.4569523918969137,0.4517043261792984,0.4738980217597379,0.4819408092550696,0.5444060747088393,0.4518039913072578,0.5848671568972167,0.4680739636345671,0.5074786451484888,0.547054162075877
Ravi-2$\mapsto$Gide,0.4467918435253173,0.4888206211340609,0.4280779000839547,0.5630006913594986,0.431131518921692,0.42681159831892,0.4919173652435195,0.7629087002851073,0.3837433814990278,0.6217903324928101,0.3949637126579196,0.3990547754745766,0.3901482890752339,0.8475842136255771,0.4008915082682017,0.6119062582617772,0.380683315602902,0.5822241462241462,0.3968376249585322,0.3895698402717028,0.3764080003015742,0.3829954357971201,0.4866304165654848,0.3884477764664846,0.6036273888901115,0.3832508564415181
Freeman$\mapsto$Kim,0.2663554315805319,0.6022762260554694,0.3459863752248608,0.6177596502104107,0.4331149553684061,0.263063495417637,0.623578818038863,0.2877939057728535,0.6692514737154831,0.2686690502748876,0.4853138051798854,0.4518680113712603,0.1784518516130005,0.1739746734560769,0.756882476076555,0.3390576519032747,0.6209649062885536,0.6333333333333333,0.6250148063517863,0.4354309793498847,0.7166611420422397,0.6018607237864719,0.5189812630287669,0.5025217171135594,0.3425066314220124,0.7634327604240956
IMmotion150$\mapsto$Ravi-1,0.376813546316939,0.4065924100520486,0.4962943447717439,0.453151360572129,0.4487403907446187,0.4134455887907141,0.6183314746914517,0.3285650318374259,0.5103780212094062,0.4881090767349281,0.5188059462968262,0.4590224729959991,0.4961916295675634,0.5277488799890673,0.5273407414643457,0.4764868879320251,0.4569523918969137,0.4517043261792984,0.4738980217597379,0.4819408092550696,0.5444060747088393,0.4518039913072578,0.5546931515299738,0.4680739636345671,0.5500248683772269,0.547054162075877
Rose$\mapsto$Ravi-1,0.376813546316939,0.4065924100520486,0.4962943447717439,0.453151360572129,0.5016333978210328,0.4134455887907141,0.4630714637346443,0.4960329954195095,0.5103780212094062,0.4979343293613247,0.5188059462968262,0.4594012499325363,0.4961916295675634,0.5277488799890673,0.5273407414643457,0.4953536322880371,0.4569523918969137,0.4517043261792984,0.4738980217597379,0.4819408092550696,0.5444060747088393,0.4518039913072578,0.5432888517780358,0.4680739636345671,0.4976623411832387,0.547054162075877
Riaz$\mapsto$Kim,0.371504892265229,0.1781832246897572,0.3459863752248608,0.6177596502104107,0.1790157193795221,0.4436600344189059,0.291878963329881,0.2550148051211219,0.6692514737154831,0.6248605117427792,0.4853138051798854,0.6043568755382257,0.627120666040977,0.550174113185994,0.756882476076555,0.293565901866558,0.6209649062885536,0.2020054141764668,0.6250148063517863,0.4354309793498847,0.7166611420422397,0.6018607237864719,0.39319977718498,0.5025217171135594,0.4115248010356565,0.7634327604240956
Allen$\mapsto$Kim,0.371504892265229,0.1781832246897572,0.3459863752248608,0.1889879591632586,0.220742999455484,0.4436600344189059,0.1760639835173481,0.2550148051211219,0.6692514737154831,0.5637880461990369,0.4853138051798854,0.6412143128966558,0.627120666040977,0.550174113185994,0.756882476076555,0.3596369996014305,0.6209649062885536,0.2020054141764668,0.6250148063517863,0.4354309793498847,0.7166611420422397,0.6018607237864719,0.6659907208678725,0.5025217171135594,0.6121509887532586,0.7634327604240956
Kim$\mapsto$Ravi-1,0.3419210895630156,0.4065924100520486,0.4962943447717439,0.453151360572129,0.6105660233645017,0.4134455887907141,0.5214255489616557,0.3285650318374259,0.5103780212094062,0.4421391865521727,0.5188059462968262,0.4576010710718849,0.4961916295675634,0.5277488799890673,0.5273407414643457,0.4599444344073866,0.4569523918969137,0.3328059211232772,0.4738980217597379,0.4819408092550696,0.5444060747088393,0.4518039913072578,0.6682990694100093,0.4680739636345671,0.6793740226665463,0.547054162075877
IMVigor210$\mapsto$Ravi-1,0.376813546316939,0.4065924100520486,0.4962943447717439,0.453151360572129,0.4434367278161417,0.4525744079145707,0.487263714857555,0.4960329954195095,0.5103780212094062,0.5009336563074016,0.5188059462968262,0.4593139477312721,0.4961916295675634,0.5277488799890673,0.5273407414643457,0.394629512782342,0.4569523918969137,0.4517043261792984,0.4738980217597379,0.4819408092550696,0.5444060747088393,0.4518039913072578,0.6742502914153172,0.4680739636345671,0.6564289874364547,0.547054162075877
Freeman$\mapsto$Zhao,0.5504481809899766,0.5934074541026413,0.4322477529455863,0.5348333080360822,0.3670526980993488,0.4958989227799113,0.4221278249281376,0.4665054982347473,0.4594011056495454,0.4209232838806438,0.4903387976519836,0.4491657524190656,0.5259050422792331,0.4782604547291462,0.4698402843602552,0.7108384415097052,0.4472861926104288,0.72,0.4649976124123202,0.5984161101594011,0.678375896172339,0.4936736035155007,0.3246517047729128,0.4846797813785448,0.3533176353492008,0.4676969357044676
Riaz$\mapsto$Zhao,0.4942999379653646,0.3266030460767303,0.4322477529455863,0.5348333080360822,0.4958943628770413,0.4192909599472944,0.4767857508328665,0.7357147063520582,0.4594011056495454,0.3635295998369457,0.4903387976519836,0.4472861926104288,0.4772920501570815,0.693693094922552,0.4698402843602552,0.6401939710487142,0.4472861926104288,0.5838998682476942,0.4649976124123202,0.5984161101594011,0.678375896172339,0.4936736035155007,0.4338638212336495,0.4846797813785448,0.4878348611730689,0.4676969357044676
Gide$\mapsto$Kim,0.371504892265229,0.1781832246897572,0.3459863752248608,0.6177596502104107,0.5705709617078424,0.4436600344189059,0.3348192254636743,0.2550148051211219,0.6692514737154831,0.4944981064045708,0.4853138051798854,0.5761685619237107,0.627120666040977,0.550174113185994,0.756882476076555,0.2949087484972942,0.6209649062885536,0.2020054141764668,0.6250148063517863,0.4354309793498847,0.7166611420422397,0.6018607237864719,0.6404536682787457,0.5025217171135594,0.6172472885220344,0.7634327604240956
Miao$\mapsto$Hugo,0.6168089927745379,0.7242133019935982,0.4520421321435926,0.3798701885900701,0.4221152782588661,0.4892929504297598,0.3800968009047831,0.5832588842453178,0.6376048621629765,0.43097516049514,0.4853083180699376,0.5510116355047777,0.5991744264341998,0.4536481414774974,0.5390918080292132,0.4022751874989486,0.511961401364032,0.4597338935574229,0.6552820704140578,0.4668660262574676,0.5285977372605067,0.664180047414356,0.4254031813047398,0.4875385182637168,0.4370878450794633,0.641991780648613
Choueiri$\mapsto$Hugo,0.6168089927745379,0.4149442329032449,0.4520421321435926,0.3798701885900701,0.6658075620032142,0.4892929504297598,0.5188970788063989,0.5832588842453178,0.6376048621629765,0.4800779210512302,0.5086113575411549,0.5108521307327025,0.5007141597324255,0.5756774660358348,0.562936699097822,0.5845410397133735,0.511961401364032,0.4597338935574229,0.4934001164915246,0.5798707081900358,0.4815257444344228,0.4555474819746593,0.571035085125354,0.4875385182637168,0.5100028788085728,0.5190242257843646
Liu$\mapsto$Hugo,0.6168089927745379,0.7242133019935982,0.4520421321435926,0.3798701885900701,0.625247424144483,0.4892929504297598,0.4339851304013948,0.5832588842453178,0.5364894996806977,0.4557914235581629,0.5086113575411549,0.4837886554263254,0.5007141597324255,0.5756774660358348,0.562936699097822,0.7079965668450947,0.511961401364032,0.5166427775123428,0.4934001164915246,0.5798707081900358,0.4815257444344228,0.4555474819746593,0.3747555178904813,0.4875385182637168,0.5200339385499496,0.5190242257843646
Miao$\mapsto$Gide,0.7139925727400414,0.4888206211340609,0.7181432847492443,0.5438516713300401,0.6452189717675441,0.7501611336151341,0.4935310769402347,0.4650191098718611,0.3837433814990278,0.4765428677651041,0.3949637126579196,0.5977441676724984,0.3901482890752339,0.4038082987364799,0.4008915082682017,0.5349398050724138,0.8579128515612521,0.496770075023932,0.3968376249585322,0.3895698402717028,0.3764080003015742,0.3829954357971201,0.5081927274387749,0.8295955432229817,0.5609904438714974,0.3832508564415181
IMVigor210$\mapsto$Zhao,0.5504481809899766,0.5934074541026413,0.4322477529455863,0.5348333080360822,0.443784204373694,0.4958989227799113,0.4226356531169365,0.7357147063520582,0.4594011056495454,0.5488036259328125,0.4903387976519836,0.4465038721640767,0.4772920501570815,0.693693094922552,0.4698402843602552,0.3447668649855565,0.4472861926104288,0.5838998682476942,0.4649976124123202,0.5984161101594011,0.678375896172339,0.4936736035155007,0.6394430569430569,0.4846797813785448,0.6427519148615987,0.4676969357044676
Allen$\mapsto$Zhao,0.4942999379653646,0.3266030460767303,0.4322477529455863,0.4877865065247436,0.4828639158348283,0.4192909599472944,0.553069037578454,0.7357147063520582,0.4594011056495454,0.61297155102023,0.4903387976519836,0.4465038721640767,0.4772920501570815,0.693693094922552,0.4698402843602552,0.7517066827455935,0.4472861926104288,0.5838998682476942,0.4649976124123202,0.5984161101594011,0.678375896172339,0.4936736035155007,0.5092587854678067,0.4846797813785448,0.5864914126277763,0.4676969357044676
IMmotion150$\mapsto$Kim,0.2663554315805319,0.6022762260554694,0.3459863752248608,0.6177596502104107,0.3779963197715736,0.4436600344189059,0.3088069163195535,0.2877939057728535,0.6692514737154831,0.6113917900674194,0.4853138051798854,0.6180905415391889,0.627120666040977,0.550174113185994,0.756882476076555,0.286510731030019,0.6209649062885536,0.2020054141764668,0.6250148063517863,0.4354309793498847,0.7166611420422397,0.6018607237864719,0.7502367952004977,0.5025217171135594,0.6328222001661018,0.7634327604240956
Allen$\mapsto$Hugo,0.6168089927745379,0.4149442329032449,0.4520421321435926,0.3798701885900701,0.5345600911202414,0.4892929504297598,0.6568417568229598,0.6117529405413518,0.5364894996806977,0.4196934685845662,0.5086113575411549,0.5108521307327025,0.5007141597324255,0.5756774660358348,0.562936699097822,0.7557746618967845,0.511961401364032,0.5166427775123428,0.4934001164915246,0.5798707081900358,0.4815257444344228,0.4555474819746593,0.5979049678205014,0.4875385182637168,0.5743605931328274,0.5190242257843646
Gide$\mapsto$Zhao,0.4942999379653646,0.3266030460767303,0.4322477529455863,0.5348333080360822,0.6623247273725742,0.4192909599472944,0.4636089200460858,0.7357147063520582,0.4594011056495454,0.5313741303185312,0.4903387976519836,0.4522465100707462,0.4772920501570815,0.693693094922552,0.4698402843602552,0.692583051006964,0.4472861926104288,0.5838998682476942,0.4649976124123202,0.5984161101594011,0.678375896172339,0.4936736035155007,0.5782692596622803,0.4846797813785448,0.6226132164763328,0.4676969357044676
Kim$\mapsto$Zhao,0.4942999379653646,0.5934074541026413,0.4322477529455863,0.5348333080360822,0.4772400901920353,0.4192909599472944,0.5425826140456459,0.4665054982347473,0.4594011056495454,0.5305459041462296,0.4903387976519836,0.4484535156578377,0.4772920501570815,0.693693094922552,0.4698402843602552,0.7755657852248762,0.4472861926104288,0.4387603305785124,0.4649976124123202,0.5984161101594011,0.678375896172339,0.4936736035155007,0.7554808173422726,0.4846797813785448,0.6255933028959344,0.4676969357044676
Ravi-1$\mapsto$Zhao,0.5504481809899766,0.5934074541026413,0.4322477529455863,0.5348333080360822,0.5609813473712322,0.4958989227799113,0.4085574421282151,0.7357147063520582,0.4594011056495454,0.4101125943597553,0.4903387976519836,0.447034206029819,0.4772920501570815,0.693693094922552,0.4698402843602552,0.6863546607565746,0.4472861926104288,0.5838998682476942,0.4649976124123202,0.5984161101594011,0.678375896172339,0.4936736035155007,0.4799310317390568,0.4846797813785448,0.6181304601131387,0.4676969357044676
IMmotion150$\mapsto$Zhao,0.5504481809899766,0.5934074541026413,0.4322477529455863,0.5348333080360822,0.5085180556382939,0.4192909599472944,0.5180543715466744,0.4665054982347473,0.4594011056495454,0.4362429544510211,0.4903387976519836,0.4465038721640767,0.4772920501570815,0.693693094922552,0.4698402843602552,0.6223487574129868,0.4472861926104288,0.5838998682476942,0.4649976124123202,0.5984161101594011,0.678375896172339,0.4936736035155007,0.6801839684250752,0.4846797813785448,0.7765721628654362,0.4676969357044676
Gide$\mapsto$Hugo,0.6168089927745379,0.4149442329032449,0.4520421321435926,0.8131092984365872,0.5201364281717338,0.4892929504297598,0.5360487412788483,0.6117529405413518,0.5364894996806977,0.4815162649034373,0.5086113575411549,0.4909970542667574,0.5007141597324255,0.5756774660358348,0.562936699097822,0.5983449738744505,0.511961401364032,0.5166427775123428,0.4934001164915246,0.5798707081900358,0.4815257444344228,0.4555474819746593,0.5912768206528902,0.4875385182637168,0.4590573949224652,0.5190242257843646
IMVigor210$\mapsto$Kim,0.2663554315805319,0.6022762260554694,0.3459863752248608,0.6177596502104107,0.5380163437562863,0.263063495417637,0.6367030302603732,0.2550148051211219,0.6692514737154831,0.5162962172409846,0.4853138051798854,0.61612904056453,0.627120666040977,0.550174113185994,0.756882476076555,0.2125296601650611,0.6209649062885536,0.2020054141764668,0.6250148063517863,0.4354309793498847,0.7166611420422397,0.6018607237864719,0.8157446855976268,0.5025217171135594,0.6213299365020379,0.7634327604240956
Ravi-1$\mapsto$Kim,0.2663554315805319,0.6022762260554694,0.3459863752248608,0.6177596502104107,0.5971025058597733,0.263063495417637,0.5935865671315941,0.2550148051211219,0.6692514737154831,0.2394478596971329,0.4853138051798854,0.6462547732768321,0.627120666040977,0.550174113185994,0.756882476076555,0.3329277526103207,0.6209649062885536,0.2020054141764668,0.6250148063517863,0.4354309793498847,0.7166611420422397,0.6018607237864719,0.7182925734396324,0.5025217171135594,0.887229434186671,0.7634327604240956
Hugo$\mapsto$Zhao,0.5504481809899766,0.5934074541026413,0.3921537644294897,0.5348333080360822,0.5663674225229677,0.4958989227799113,0.4063525842144492,0.4665054982347473,0.5243690341150234,0.3123005337180743,0.4618923912344964,0.6629489025691407,0.5259050422792331,0.693693094922552,0.524003723900642,0.7580297821607982,0.593635607168889,0.5838998682476942,0.5363481976087521,0.5984161101594011,0.4887452335382285,0.584476131672714,0.3990006123907052,0.4981242622186894,0.6034058265904593,0.5717240999298415
Rose$\mapsto$Kim,0.2663554315805319,0.6022762260554694,0.3459863752248608,0.6177596502104107,0.5729437328011154,0.4436600344189059,0.4832193409185108,0.2550148051211219,0.6692514737154831,0.662919348357945,0.4853138051798854,0.6361685484758913,0.627120666040977,0.550174113185994,0.756882476076555,0.3283515017840699,0.6209649062885536,0.2020054141764668,0.6250148063517863,0.4354309793498847,0.7166611420422397,0.6018607237864719,0.7127514454144889,0.5025217171135594,0.5508671222669501,0.7634327604240956
Liu$\mapsto$Zhao,0.4942999379653646,0.5934074541026413,0.4322477529455863,0.4877865065247436,0.6006389818784275,0.4192909599472944,0.6377241737376008,0.4665054982347473,0.4594011056495454,0.6923463030624463,0.4903387976519836,0.4458200418021726,0.4772920501570815,0.693693094922552,0.4698402843602552,0.675626393808212,0.4472861926104288,0.5838998682476942,0.4649976124123202,0.5984161101594011,0.678375896172339,0.4936736035155007,0.6510497164931874,0.4846797813785448,0.6628112935657693,0.4676969357044676
Snyder$\mapsto$Hugo,0.6168089927745379,0.4149442329032449,0.7437263738273896,0.8131092984365872,0.6089881685673154,0.4892929504297598,0.4123880677899917,0.5832588842453178,0.5364894996806977,0.6337574913842149,0.5086113575411549,0.4836464761770032,0.5007141597324255,0.5756774660358348,0.562936699097822,0.5256107522753918,0.511961401364032,0.5166427775123428,0.4934001164915246,0.4668660262574676,0.5285977372605067,0.4555474819746593,0.5293804767110154,0.4875385182637168,0.5688183993733192,0.5190242257843646
Rose$\mapsto$Zhao,0.5504481809899766,0.5934074541026413,0.4322477529455863,0.5348333080360822,0.4787767556429831,0.4192909599472944,0.5956218483340389,0.7357147063520582,0.4594011056495454,0.5613485310155607,0.4903387976519836,0.4484535156578377,0.4772920501570815,0.693693094922552,0.4698402843602552,0.6863546607565746,0.4472861926104288,0.5838998682476942,0.4649976124123202,0.5984161101594011,0.678375896172339,0.4936736035155007,0.7492028280066557,0.4846797813785448,0.5316025788097155,0.4676969357044676
Ravi-2$\mapsto$Zhao,0.5504481809899766,0.5934074541026413,0.3921537644294897,0.5348333080360822,0.6516361775092302,0.4958989227799113,0.557737175236334,0.7357147063520582,0.5243690341150234,0.4074045101167006,0.4618923912344964,0.4269573525420697,0.5259050422792331,0.693693094922552,0.524003723900642,0.3108893903300803,0.593635607168889,0.5838998682476942,0.5363481976087521,0.391815954654248,0.4887452335382285,0.584476131672714,0.8355501300412368,0.4981242622186894,0.8124886759111358,0.5717240999298415
Riaz$\mapsto$Hugo,0.6168089927745379,0.4149442329032449,0.4520421321435926,0.8131092984365872,0.5736007097600418,0.4892929504297598,0.4943044064024824,0.6117529405413518,0.5364894996806977,0.6467529871226892,0.5086113575411549,0.511961401364032,0.5007141597324255,0.5756774660358348,0.562936699097822,0.6148335451341408,0.511961401364032,0.5166427775123428,0.4934001164915246,0.5798707081900358,0.4815257444344228,0.4555474819746593,0.7327288917999549,0.4875385182637168,0.6044102125495987,0.5190242257843646
Kim$\mapsto$Hugo,0.6168089927745379,0.7242133019935982,0.4520421321435926,0.8131092984365872,0.4379947848357843,0.4892929504297598,0.5776872977752014,0.5832588842453178,0.5364894996806977,0.4759764089742408,0.5086113575411549,0.5108521307327025,0.5007141597324255,0.5756774660358348,0.562936699097822,0.7291227487498495,0.511961401364032,0.4597338935574229,0.4934001164915246,0.5798707081900358,0.4815257444344228,0.4555474819746593,0.6674493804085246,0.4875385182637168,0.61689114135997,0.5190242257843646
Rose$\mapsto$Hugo,0.6611998447050751,0.7242133019935982,0.4520421321435926,0.8131092984365872,0.5938795161359844,0.4892929504297598,0.4018007643227341,0.6117529405413518,0.5364894996806977,0.5894974578486829,0.5086113575411549,0.5140628089433807,0.5007141597324255,0.5756774660358348,0.562936699097822,0.7269585572356566,0.511961401364032,0.5166427775123428,0.4934001164915246,0.5798707081900358,0.4815257444344228,0.4555474819746593,0.6134823216997561,0.4875385182637168,0.4708547656926355,0.5190242257843646
IMmotion150$\mapsto$Hugo,0.6611998447050751,0.7242133019935982,0.4520421321435926,0.8131092984365872,0.4602847877934892,0.4892929504297598,0.63776624963113,0.5832588842453178,0.5364894996806977,0.5460319486726377,0.5086113575411549,0.5108521307327025,0.5007141597324255,0.5756774660358348,0.562936699097822,0.5959503720943445,0.511961401364032,0.5166427775123428,0.4934001164915246,0.5798707081900358,0.4815257444344228,0.4555474819746593,0.6024295568056265,0.4875385182637168,0.6470668652076215,0.5190242257843646
IMVigor210$\mapsto$Hugo,0.6611998447050751,0.7242133019935982,0.4520421321435926,0.8131092984365872,0.5429840506209899,0.7318194025862093,0.5318692226814715,0.6117529405413518,0.5364894996806977,0.4870932041771704,0.5086113575411549,0.5093090904396622,0.5007141597324255,0.5756774660358348,0.562936699097822,0.442232170476166,0.511961401364032,0.5166427775123428,0.4934001164915246,0.5798707081900358,0.4815257444344228,0.4555474819746593,0.5926794151835255,0.4875385182637168,0.6432241475905783,0.5190242257843646
Freeman$\mapsto$Hugo,0.6611998447050751,0.7242133019935982,0.4520421321435926,0.8131092984365872,0.6983066895833345,0.7318194025862093,0.4691549866440737,0.5832588842453178,0.5364894996806977,0.4858416557375751,0.5086113575411549,0.4821034358839629,0.5991744264341998,0.4536481414774974,0.562936699097822,0.7421517768453281,0.511961401364032,0.7692307692307692,0.4934001164915246,0.5798707081900358,0.4815257444344228,0.4555474819746593,0.4457367285112078,0.4875385182637168,0.409882203210665,0.5190242257843646
Zhao$\mapsto$Hugo,0.6611998447050751,0.7242133019935982,0.4520421321435926,0.3798701885900701,0.6665710568671095,0.7318194025862093,0.6032757233328113,0.6117529405413518,0.6376048621629765,0.4458648090489763,0.5086113575411549,0.6245542910146514,0.5007141597324255,0.5756774660358348,0.5390918080292132,0.7557746618967845,0.5756952046899741,0.5166427775123428,0.4934001164915246,0.5798707081900358,0.4815257444344228,0.4555474819746593,0.7724340855223208,0.4875385182637168,0.5997477899389208,0.5190242257843646
Ravi-1$\mapsto$Hugo,0.6611998447050751,0.7242133019935982,0.4520421321435926,0.8131092984365872,0.5168646789819606,0.7318194025862093,0.6841399357452519,0.6117529405413518,0.5364894996806977,0.6342247521284788,0.5086113575411549,0.5089607681270543,0.5007141597324255,0.5756774660358348,0.562936699097822,0.7061252239023232,0.511961401364032,0.5166427775123428,0.4934001164915246,0.5798707081900358,0.4815257444344228,0.4555474819746593,0.6580622540818346,0.4875385182637168,0.6932164644860787,0.5190242257843646
Ravi-2$\mapsto$Hugo,0.6611998447050751,0.7242133019935982,0.7437263738273896,0.8131092984365872,0.7741761898293852,0.7318194025862093,0.4469462098687335,0.6117529405413518,0.6376048621629765,0.5655374765536197,0.4853083180699376,0.6231124088778214,0.5991744264341998,0.5756774660358348,0.5390918080292132,0.4121218884170781,0.5756952046899741,0.5166427775123428,0.6552820704140578,0.4668660262574676,0.5285977372605067,0.664180047414356,0.7566365841208278,0.5443783385986721,0.7648856998673115,0.641991780648613
Zhao$\mapsto$Gide,0.4467918435253173,0.4888206211340609,0.7181432847492443,0.5438516713300401,0.4515883606226528,0.42681159831892,0.520699484367197,0.7629087002851073,0.3837433814990278,0.6573447588935434,0.7917499055049657,0.4083329132887218,0.8283290035982639,0.8475842136255771,0.4008915082682017,0.5917734605821645,0.380683315602902,0.5822241462241462,0.8574204685297185,0.7609212762705659,0.8458734165201974,0.8529153438940268,0.5901429962737521,0.8295955432229817,0.5029061792407075,0.8658354247189788
Freeman$\mapsto$Gide,0.4467918435253173,0.4888206211340609,0.7181432847492443,0.5630006913594986,0.5371751738237011,0.42681159831892,0.6381230217164592,0.4650191098718611,0.8506796484608363,0.6369620301508735,0.7917499055049657,0.863991167239302,0.3901482890752339,0.4038082987364799,0.822511702649273,0.6375495777531774,0.8579128515612521,0.773972602739726,0.8574204685297185,0.7609212762705659,0.8458734165201974,0.8529153438940268,0.660929297600843,0.8295955432229817,0.6648146055182754,0.8658354247189788
Snyder$\mapsto$Gide,0.7139925727400414,0.585187337080006,0.4280779000839547,0.5630006913594986,0.6771564413328286,0.7501611336151341,0.5424915670011599,0.4650191098718611,0.8506796484608363,0.530133454190728,0.7917499055049657,0.8597054414402006,0.8283290035982639,0.8475842136255771,0.822511702649273,0.698410937077484,0.8579128515612521,0.5822241462241462,0.8574204685297185,0.3895698402717028,0.3764080003015742,0.8529153438940268,0.5914861407591042,0.8295955432229817,0.5568470102347747,0.8658354247189788
Choueiri$\mapsto$Gide,0.7139925727400414,0.585187337080006,0.7181432847492443,0.5438516713300401,0.6047900818088748,0.7501611336151341,0.6838773789567811,0.4650191098718611,0.3837433814990278,0.5857794629578458,0.7917499055049657,0.853013417847479,0.8283290035982639,0.8475842136255771,0.822511702649273,0.7454808704042543,0.8579128515612521,0.496770075023932,0.8574204685297185,0.7609212762705659,0.8458734165201974,0.8529153438940268,0.6728485643949748,0.8295955432229817,0.7402801563976962,0.8658354247189788
Ravi-1$\mapsto$Gide,0.4467918435253173,0.4888206211340609,0.7181432847492443,0.5630006913594986,0.7225031810750995,0.42681159831892,0.6982907467331138,0.7629087002851073,0.8506796484608363,0.6080746094057111,0.7917499055049657,0.8342427982981996,0.8283290035982639,0.8475842136255771,0.822511702649273,0.681152222312229,0.8579128515612521,0.5822241462241462,0.8574204685297185,0.7609212762705659,0.8458734165201974,0.8529153438940268,0.7176816594201031,0.8295955432229817,0.7548505280370876,0.8658354247189788
IMVigor210$\mapsto$Gide,0.4467918435253173,0.4888206211340609,0.7181432847492443,0.5630006913594986,0.729993254021475,0.42681159831892,0.6237674199114592,0.7629087002851073,0.8506796484608363,0.753117147960208,0.7917499055049657,0.8532749406384134,0.8283290035982639,0.8475842136255771,0.822511702649273,0.6607019590011312,0.8579128515612521,0.5822241462241462,0.8574204685297185,0.7609212762705659,0.8458734165201974,0.8529153438940268,0.8676810504020677,0.8295955432229817,0.8627267441394569,0.8658354247189788
Kim$\mapsto$Gide,0.7139925727400414,0.4888206211340609,0.7181432847492443,0.5630006913594986,0.7612894920354786,0.7501611336151341,0.7278020604136274,0.4650191098718611,0.8506796484608363,0.7494632663863728,0.7917499055049657,0.8514533954847618,0.8283290035982639,0.8475842136255771,0.822511702649273,0.5150582230714151,0.8579128515612521,0.496770075023932,0.8574204685297185,0.7609212762705659,0.8458734165201974,0.8529153438940268,0.7838524728832478,0.8295955432229817,0.7837212362548857,0.8658354247189788
Liu$\mapsto$Gide,0.7139925727400414,0.4888206211340609,0.7181432847492443,0.5438516713300401,0.764844717401009,0.7501611336151341,0.533004130114221,0.4650191098718611,0.8506796484608363,0.6709531007964132,0.7917499055049657,0.8589865291252239,0.8283290035982639,0.8475842136255771,0.822511702649273,0.6918561710185586,0.8579128515612521,0.5822241462241462,0.8574204685297185,0.7609212762705659,0.8458734165201974,0.8529153438940268,0.8202698745874842,0.8295955432229817,0.7964653819810167,0.8658354247189788
Rose$\mapsto$Gide,0.4467918435253173,0.4888206211340609,0.7181432847492443,0.5630006913594986,0.6976541464184353,0.7501611336151341,0.7491367984735761,0.7629087002851073,0.8506796484608363,0.717930111640234,0.7917499055049657,0.8516411249282982,0.8283290035982639,0.8475842136255771,0.822511702649273,0.6780539235548223,0.8579128515612521,0.5822241462241462,0.8574204685297185,0.7609212762705659,0.8458734165201974,0.8529153438940268,0.8117108186542397,0.8295955432229817,0.5934286747197439,0.8658354247189788
IMmotion150$\mapsto$Gide,0.4467918435253173,0.4888206211340609,0.7181432847492443,0.5630006913594986,0.8099980109694868,0.7501611336151341,0.794390098335941,0.4650191098718611,0.8506796484608363,0.6505298035848724,0.7917499055049657,0.8526583758306722,0.8283290035982639,0.8475842136255771,0.822511702649273,0.7407632976817419,0.8579128515612521,0.5822241462241462,0.8574204685297185,0.7609212762705659,0.8458734165201974,0.8529153438940268,0.834822512655632,0.8295955432229817,0.8923857763671804,0.8658354247189788
Riaz$\mapsto$Gide,0.7139925727400414,0.585187337080006,0.7181432847492443,0.5630006913594986,0.7704697679333249,0.7501611336151341,0.5921940144049873,0.7629087002851073,0.8506796484608363,0.6958046236018038,0.7917499055049657,0.8581328411853243,0.8283290035982639,0.8475842136255771,0.822511702649273,0.7112947451356929,0.8579128515612521,0.5822241462241462,0.8574204685297185,0.7609212762705659,0.8458734165201974,0.8529153438940268,0.7797767458444652,0.8295955432229817,0.8125974030061839,0.8658354247189788
Allen$\mapsto$Gide,0.7139925727400414,0.585187337080006,0.7181432847492443,0.5438516713300401,0.7219480621271278,0.7501611336151341,0.647238224637118,0.7629087002851073,0.8506796484608363,0.7235272112830128,0.7917499055049657,0.8516608131149345,0.8283290035982639,0.8475842136255771,0.822511702649273,0.6043693668487916,0.8579128515612521,0.5822241462241462,0.8574204685297185,0.7609212762705659,0.8458734165201974,0.8529153438940268,0.8956823094801686,0.8295955432229817,0.847733343822624,0.8658354247189788
